timestamp,open,high,low,close,volume
2023-01-07 15:00:00,16933.56,16948.78,16931.94,16948.09,3792.07998
2023-01-07 16:00:00,16948.18,16954.95,16926.99,16929.76,4917.47697
2023-01-07 17:00:00,16929.58,16933.95,16921.44,16928.51,4343.09876
2023-01-07 18:00:00,16928.78,16930.56,16912.18,16922.51,4731.06815
2023-01-07 19:00:00,16922.51,16925.9,16908.07,16918.3,4945.07877
2023-01-07 20:00:00,16918.3,16920.07,16908.0,16916.14,5565.59897
2023-01-07 21:00:00,16916.14,16936.58,16914.14,16919.34,5503.13343
2023-01-07 22:00:00,16919.34,16947.7,16908.6,16937.92,5735.37622
2023-01-07 23:00:00,16937.63,16947.64,16934.35,16940.42,3845.98614
2023-01-08 00:00:00,16940.6,16940.61,16916.0,16922.79,5124.97026
2023-01-08 01:00:00,16922.79,16935.87,16918.85,16928.85,4106.2368
2023-01-08 02:00:00,16928.85,16940.0,16928.22,16938.12,3342.1124
2023-01-08 03:00:00,16938.12,16946.13,16935.23,16944.05,3500.68036
2023-01-08 04:00:00,16944.05,16951.92,16937.04,16945.77,4307.78731
2023-01-08 05:00:00,16945.44,16950.25,16937.0,16939.31,3924.97772
2023-01-08 06:00:00,16939.06,16941.69,16929.46,16936.31,3605.78679
2023-01-08 07:00:00,16936.31,16948.04,16931.05,16943.57,3603.7636
2023-01-08 08:00:00,16943.83,16955.0,16911.0,16926.66,6117.02466
2023-01-08 09:00:00,16926.66,16936.0,16915.25,16929.82,4392.91927
2023-01-08 10:00:00,16929.82,16934.0,16919.07,16931.18,3389.34917
2023-01-08 11:00:00,16931.46,16944.62,16926.17,16944.02,4396.50361
2023-01-08 12:00:00,16944.02,16944.99,16934.4,16934.75,2924.6404
2023-01-08 13:00:00,16934.95,16944.21,16933.54,16943.73,3386.28009
2023-01-08 14:00:00,16943.73,16951.97,16933.26,16950.92,4100.79008
2023-01-08 15:00:00,16950.92,16957.12,16943.16,16953.77,4255.90012
2023-01-08 16:00:00,16953.77,16956.01,16940.01,16946.07,4846.58066
2023-01-08 17:00:00,16945.91,16967.67,16925.05,16935.6,7110.82123
2023-01-08 18:00:00,16935.6,16940.0,16933.14,16936.41,3937.60336
2023-01-08 19:00:00,16936.41,16954.0,16926.3,16927.42,4539.40504
2023-01-08 20:00:00,16927.42,16932.51,16921.4,16923.75,4218.20227
2023-01-08 21:00:00,16924.01,16938.49,16920.37,16933.03,4085.80873
2023-01-08 22:00:00,16933.32,16954.3,16931.25,16952.44,5570.28633
2023-01-08 23:00:00,16952.44,17019.79,16938.0,17000.43,9212.24098
2023-01-09 00:00:00,17000.43,17022.08,16916.1,16936.87,10618.32869
2023-01-09 01:00:00,16936.87,16952.03,16920.3,16928.5,5335.0462
2023-01-09 02:00:00,16928.89,16936.49,16919.94,16929.84,3902.21677
2023-01-09 03:00:00,16930.03,16939.45,16923.84,16927.25,3702.07617
2023-01-09 04:00:00,16927.25,16982.43,16924.41,16966.67,8747.8127
2023-01-09 05:00:00,16966.95,16988.02,16945.5,16957.46,6021.89438
2023-01-09 06:00:00,16957.28,16976.53,16952.67,16963.14,4593.80115
2023-01-09 07:00:00,16963.27,17176.99,16962.95,17127.83,15750.36489
2023-01-09 08:00:00,17127.83,17199.0,17104.66,17184.51,16663.49596
2023-01-09 09:00:00,17185.28,17230.0,17145.52,17175.02,11243.36822
2023-01-09 10:00:00,17175.02,17252.6,17161.7,17191.47,14664.83212
2023-01-09 11:00:00,17191.47,17217.34,17176.72,17197.0,8227.46784
2023-01-09 12:00:00,17197.0,17253.19,17194.32,17226.49,11007.13679
2023-01-09 13:00:00,17227.11,17262.56,17200.6,17205.95,8658.79449
2023-01-09 14:00:00,17205.95,17220.59,17180.0,17189.24,7006.60552
2023-01-09 15:00:00,17189.25,17215.48,17183.92,17198.48,6873.81205
2023-01-09 16:00:00,17198.01,17240.0,17186.95,17191.68,8729.24544
2023-01-09 17:00:00,17191.68,17270.0,17189.53,17238.38,11688.66494
2023-01-09 18:00:00,17238.38,17285.48,17235.59,17264.5,10364.82478
2023-01-09 19:00:00,17264.1,17278.87,17236.21,17238.93,7685.46206
2023-01-09 20:00:00,17239.47,17254.97,17228.85,17249.06,7702.65742
2023-01-09 21:00:00,17249.4,17295.55,17190.74,17226.9,11770.67245
2023-01-09 22:00:00,17227.3,17276.13,17206.98,17264.25,13182.45775
2023-01-09 23:00:00,17263.67,17335.35,17228.67,17268.49,17858.24406
2023-01-10 00:00:00,17268.49,17357.7,17268.02,17327.84,16193.72323
2023-01-10 01:00:00,17328.25,17375.77,17316.43,17356.96,12553.81044
2023-01-10 02:00:00,17356.57,17398.8,17323.71,17350.71,14266.71978
2023-01-10 03:00:00,17351.1,17352.68,17293.34,17293.69,9506.66121
2023-01-10 04:00:00,17294.19,17313.3,17177.87,17221.29,16784.2954
2023-01-10 05:00:00,17221.29,17246.26,17165.04,17182.48,10641.44945
2023-01-10 06:00:00,17182.36,17222.32,17167.35,17204.83,5444.24581
2023-01-10 07:00:00,17204.83,17205.57,17128.0,17178.26,7492.88002
2023-01-10 08:00:00,17179.04,17220.29,17178.19,17219.19,7195.9706
2023-01-10 09:00:00,17219.19,17235.0,17188.31,17194.39,8619.72528
2023-01-10 10:00:00,17193.97,17215.0,17146.34,17185.94,9620.79785
2023-01-10 11:00:00,17185.73,17208.17,17172.47,17205.72,5509.67537
2023-01-10 12:00:00,17205.31,17222.5,17196.04,17221.68,6465.17667
2023-01-10 13:00:00,17222.05,17233.91,17207.05,17228.77,5477.38412
2023-01-10 14:00:00,17228.66,17233.5,17189.15,17203.95,7243.88623
2023-01-10 15:00:00,17203.95,17211.0,17192.0,17203.2,6803.12603
2023-01-10 16:00:00,17203.2,17270.69,17187.73,17256.34,10065.10708
2023-01-10 17:00:00,17256.34,17277.87,17242.12,17247.71,7103.67661
2023-01-10 18:00:00,17247.71,17276.6,17233.48,17271.02,6781.4259
2023-01-10 19:00:00,17271.02,17286.02,17250.95,17252.89,7132.79462
2023-01-10 20:00:00,17252.89,17257.19,17218.44,17224.15,8319.09891
2023-01-10 21:00:00,17224.15,17255.55,17212.14,17246.05,8539.8137
2023-01-10 22:00:00,17246.45,17326.07,17220.0,17286.59,21263.07475
2023-01-10 23:00:00,17287.01,17375.0,17271.38,17327.7,19401.38074
2023-01-11 00:00:00,17327.7,17341.97,17282.0,17302.15,10943.41192
2023-01-11 01:00:00,17302.55,17339.29,17287.11,17325.97,7038.14912
2023-01-11 02:00:00,17325.61,17443.95,17323.02,17433.95,14841.37941
2023-01-11 03:00:00,17433.7,17456.07,17398.28,17432.85,10256.876
2023-01-11 04:00:00,17432.85,17495.69,17405.3,17477.15,12015.24942
2023-01-11 05:00:00,17477.95,17499.0,17448.75,17463.56,7080.33103
2023-01-11 06:00:00,17463.86,17464.56,17418.98,17428.08,6677.99954
2023-01-11 07:00:00,17428.08,17444.97,17403.73,17440.66,6986.91491
2023-01-11 08:00:00,17440.64,17502.83,17428.37,17466.02,8526.37461
2023-01-11 09:00:00,17466.02,17510.0,17436.03,17458.05,8068.79008
2023-01-11 10:00:00,17458.49,17462.7,17383.08,17388.2,7948.58416
2023-01-11 11:00:00,17387.67,17425.2,17366.58,17416.14,7402.73595
2023-01-11 12:00:00,17416.49,17425.42,17391.0,17408.39,5250.33415
2023-01-11 13:00:00,17407.98,17436.73,17397.27,17406.3,6119.31971
2023-01-11 14:00:00,17406.16,17442.47,17388.0,17437.29,9009.63417
2023-01-11 15:00:00,17436.89,17462.99,17426.07,17446.65,9347.60277
2023-01-11 16:00:00,17447.02,17451.38,17408.68,17447.6,8596.90944
2023-01-11 17:00:00,17447.95,17472.15,17439.7,17446.71,8159.56219
2023-01-11 18:00:00,17446.86,17459.0,17435.18,17441.24,6172.66996
2023-01-11 19:00:00,17441.24,17454.51,17427.86,17437.75,7057.23375
2023-01-11 20:00:00,17437.75,17437.75,17402.0,17418.56,9151.50731
2023-01-11 21:00:00,17418.56,17435.74,17383.48,17413.43,9777.24374
2023-01-11 22:00:00,17413.43,17435.87,17376.0,17413.97,13585.06312
2023-01-11 23:00:00,17413.97,17437.71,17315.6,17332.43,16548.57079
2023-01-12 00:00:00,17331.9,17368.37,17320.42,17347.62,9399.06698
2023-01-12 01:00:00,17347.79,17393.5,17342.51,17382.08,7438.16925
2023-01-12 02:00:00,17382.05,17571.7,17380.76,17487.09,23106.94112
2023-01-12 03:00:00,17486.44,17557.76,17468.57,17550.29,15845.33763
2023-01-12 04:00:00,17549.62,17581.75,17508.86,17550.57,13165.28391
2023-01-12 05:00:00,17550.57,17571.38,17529.39,17558.6,8702.05303
2023-01-12 06:00:00,17559.49,17597.0,17514.06,17556.41,12547.23588
2023-01-12 07:00:00,17556.41,18000.0,17550.87,17943.26,31295.38283
2023-01-12 08:00:00,17943.26,18297.37,17907.25,18264.1,29755.53326
2023-01-12 09:00:00,18264.1,18292.56,18140.58,18221.51,23739.80084
2023-01-12 10:00:00,18222.31,18385.71,18179.49,18207.54,18968.39437
2023-01-12 11:00:00,18206.85,18240.17,18196.83,18224.68,10030.80424
2023-01-12 12:00:00,18224.68,18232.5,18197.46,18215.66,7951.75735
2023-01-12 13:00:00,18215.74,18241.43,18075.19,18087.54,12286.65303
2023-01-12 14:00:00,18087.54,18164.19,18085.3,18147.77,9141.46584
2023-01-12 15:00:00,18147.25,18177.97,18117.3,18138.22,7876.30717
2023-01-12 16:00:00,18138.21,18152.17,18071.06,18151.52,9012.78676
2023-01-12 17:00:00,18151.52,18173.72,18129.31,18164.67,8167.69214
2023-01-12 18:00:00,18164.13,18218.0,18142.18,18185.6,9055.0101
2023-01-12 19:00:00,18185.6,18222.59,18163.57,18200.8,8018.64554
2023-01-12 20:00:00,18200.8,18279.86,18170.27,18268.94,15008.40297
2023-01-12 21:00:00,18269.59,18380.47,17892.05,18284.91,51231.61325
2023-01-12 22:00:00,18284.91,18356.58,17925.09,17998.56,40174.44274
2023-01-12 23:00:00,17997.63,18142.8,17988.01,18086.62,24291.99886
2023-01-13 00:00:00,18087.28,18144.0,18054.61,18134.55,14946.27349
2023-01-13 01:00:00,18134.55,18872.0,18105.56,18837.06,37374.42104
2023-01-13 02:00:00,18837.06,18988.0,18615.21,18796.93,33953.94896
2023-01-13 03:00:00,18796.93,19060.0,18760.34,18885.35,24609.80921
2023-01-13 04:00:00,18885.35,19087.0,18820.63,19048.95,19237.60617
2023-01-13 05:00:00,19048.95,19117.04,18762.0,18830.07,21655.32154
2023-01-13 06:00:00,18830.07,18936.21,18776.83,18913.92,9015.33064
2023-01-13 07:00:00,18913.38,18915.56,18844.55,18846.62,9064.30227
2023-01-13 08:00:00,18846.62,18887.0,18714.12,18771.61,14571.89741
2023-01-13 09:00:00,18771.61,18819.37,18744.58,18811.48,9450.99789
2023-01-13 10:00:00,18811.4,18842.73,18786.1,18835.48,8659.244
2023-01-13 11:00:00,18835.48,18883.55,18823.54,18876.37,9046.16516
2023-01-13 12:00:00,18876.37,18883.79,18818.31,18821.27,8211.64506
2023-01-13 13:00:00,18821.27,18835.77,18778.41,18787.71,8427.10991
2023-01-13 14:00:00,18787.71,18864.21,18780.57,18852.68,7522.51436
2023-01-13 15:00:00,18853.1,18857.87,18785.0,18824.25,9476.07449
2023-01-13 16:00:00,18825.0,18860.17,18810.01,18842.15,8768.8504
2023-01-13 17:00:00,18842.68,18938.99,18839.17,18910.23,12906.62634
2023-01-13 18:00:00,18910.8,19057.7,18858.98,19042.01,18027.7203
2023-01-13 19:00:00,19042.87,19045.17,18888.79,18920.95,13932.14357
2023-01-13 20:00:00,18920.95,18936.98,18811.52,18864.59,12196.93938
2023-01-13 21:00:00,18864.59,18902.04,18812.0,18854.84,11447.72178
2023-01-13 22:00:00,18854.84,19143.28,18833.51,18996.27,21812.49739
2023-01-13 23:00:00,18996.27,19310.91,18984.09,19261.19,39505.15947
2023-01-14 00:00:00,19261.19,19276.41,19060.15,19133.39,21990.08148
2023-01-14 01:00:00,19133.39,19406.26,19105.5,19256.06,24276.05083
2023-01-14 02:00:00,19255.84,19387.37,19253.76,19292.44,16005.03199
2023-01-14 03:00:00,19293.25,19373.0,19246.12,19362.01,13817.14939
2023-01-14 04:00:00,19363.43,19497.18,19315.77,19473.67,18901.95762
2023-01-14 05:00:00,19474.82,19911.82,19375.52,19816.81,28641.78804
2023-01-14 06:00:00,19816.81,20000.0,19786.43,19849.41,20913.07012
2023-01-14 07:00:00,19848.53,19942.2,19728.62,19930.01,10107.44185
2023-01-14 08:00:00,19930.01,21258.0,19888.05,20891.67,66759.62394
2023-01-14 09:00:00,20891.67,21088.0,20691.13,20927.44,28721.89375
2023-01-14 10:00:00,20926.78,21037.89,20820.06,20938.93,21828.4948
2023-01-14 11:00:00,20937.87,20986.3,20781.81,20967.23,15596.51492
2023-01-14 12:00:00,20967.23,21033.64,20878.33,20894.86,13195.35042
2023-01-14 13:00:00,20895.43,20914.81,20777.37,20841.62,11892.84254
2023-01-14 14:00:00,20840.65,20973.63,20838.53,20955.57,9645.2354
2023-01-14 15:00:00,20954.37,20967.94,20850.0,20897.36,9942.91758
2023-01-14 16:00:00,20897.36,21022.39,20875.6,21003.35,11647.1779
2023-01-14 17:00:00,21003.35,21010.83,20306.64,20523.75,34526.45807
2023-01-14 18:00:00,20523.75,20526.88,20225.06,20496.77,18153.54315
2023-01-14 19:00:00,20496.77,20755.19,20472.39,20721.73,15443.07562
2023-01-14 20:00:00,20721.03,20975.0,20575.06,20911.19,18682.39138
2023-01-14 21:00:00,20911.19,20982.26,20782.86,20940.71,12769.52817
2023-01-14 22:00:00,20939.26,21200.0,20568.12,20834.4,23382.71318
2023-01-14 23:00:00,20832.6,20896.0,20629.84,20786.74,15922.70411
2023-01-15 00:00:00,20785.85,20866.24,20750.81,20810.66,12083.54299
2023-01-15 01:00:00,20809.94,20911.23,20725.32,20755.78,11055.39428
2023-01-15 02:00:00,20755.78,20800.0,20660.0,20757.99,8912.40137
2023-01-15 03:00:00,20757.99,20861.28,20717.41,20783.68,8210.56962
2023-01-15 04:00:00,20783.68,20899.4,20758.0,20877.47,6009.78342
2023-01-15 05:00:00,20876.31,20947.84,20827.31,20900.66,7390.95259
2023-01-15 06:00:00,20900.66,21023.93,20864.29,20989.97,5335.75759
2023-01-15 07:00:00,20989.97,21072.27,20933.33,20954.92,6804.88272
2023-01-15 08:00:00,20952.76,21001.84,20623.21,20767.05,14735.14851
2023-01-15 09:00:00,20766.57,20789.96,20647.78,20770.29,7937.08168
2023-01-15 10:00:00,20771.27,20816.7,20667.96,20672.91,7268.68577
2023-01-15 11:00:00,20672.79,20742.83,20551.01,20719.09,8095.435
2023-01-15 12:00:00,20719.09,20759.87,20679.0,20698.14,4760.81434
2023-01-15 13:00:00,20698.14,20785.0,20677.38,20749.76,5102.14697
2023-01-15 14:00:00,20748.94,20789.58,20698.0,20717.0,4727.89874
2023-01-15 15:00:00,20717.0,20739.82,20666.88,20735.69,5685.65589
2023-01-15 16:00:00,20735.69,20755.22,20591.21,20617.71,9316.58251
2023-01-15 17:00:00,20617.93,20754.54,20573.13,20750.59,8557.69198
2023-01-15 18:00:00,20748.94,20759.0,20692.17,20732.83,5197.76285
2023-01-15 19:00:00,20732.83,20741.64,20657.81,20722.23,5578.01992
2023-01-15 20:00:00,20722.23,20744.89,20652.24,20694.03,5026.75295
2023-01-15 21:00:00,20694.03,20844.29,20685.0,20705.79,7209.06636
2023-01-15 22:00:00,20705.79,20818.15,20670.7,20787.58,7251.10535
2023-01-15 23:00:00,20787.87,20994.05,20776.47,20908.28,13017.58428
2023-01-16 00:00:00,20906.97,20961.81,20850.72,20869.2,9453.15336
2023-01-16 01:00:00,20871.09,21050.74,20865.33,20920.23,11029.40649
2023-01-16 02:00:00,20921.48,20923.59,20665.0,20817.94,12011.63609
2023-01-16 03:00:00,20817.94,20903.47,20776.78,20870.15,5169.47152
2023-01-16 04:00:00,20870.15,20929.99,20836.1,20905.69,5012.8686
2023-01-16 05:00:00,20904.74,20932.4,20860.01,20900.62,4089.65709
2023-01-16 06:00:00,20900.62,20952.37,20746.39,20911.27,6528.17941
2023-01-16 07:00:00,20911.27,20938.6,20837.0,20871.5,5780.41983
2023-01-16 08:00:00,20872.99,20999.25,20770.2,20966.58,10746.9633
2023-01-16 09:00:00,20966.58,21322.0,20913.2,21182.87,23437.22746
2023-01-16 10:00:00,21182.87,21439.59,21118.94,21209.31,19388.71779
2023-01-16 11:00:00,21208.54,21229.92,21028.02,21075.68,12123.46188
2023-01-16 12:00:00,21074.8,21166.8,21037.64,21148.99,8170.58991
2023-01-16 13:00:00,21147.98,21216.7,21119.05,21187.16,6954.41915
2023-01-16 14:00:00,21187.89,21260.0,21106.96,21149.8,10204.48252
2023-01-16 15:00:00,21149.8,21159.7,21066.23,21109.23,7602.55388
2023-01-16 16:00:00,21109.4,21113.22,20666.0,20747.7,24188.23332
2023-01-16 17:00:00,20746.75,20840.0,20720.0,20824.08,9658.96868
2023-01-16 18:00:00,20824.55,20900.0,20800.0,20850.68,8590.12146
2023-01-16 19:00:00,20850.31,20860.4,20781.11,20817.56,7020.44092
2023-01-16 20:00:00,20816.63,20867.41,20777.04,20787.54,6680.21021
2023-01-16 21:00:00,20787.54,20870.0,20766.35,20827.47,7183.28414
2023-01-16 22:00:00,20827.47,20894.0,20756.0,20860.68,10008.38954
2023-01-16 23:00:00,20860.68,21053.89,20611.48,20994.17,26139.39635
2023-01-17 00:00:00,20995.37,21050.0,20916.43,20998.5,11603.50524
2023-01-17 01:00:00,20998.5,21176.5,20985.33,21103.99,13455.47666
2023-01-17 02:00:00,21102.71,21296.37,21053.55,21281.97,12337.10199
2023-01-17 03:00:00,21281.96,21414.42,21216.0,21308.57,20188.95342
2023-01-17 04:00:00,21307.29,21474.05,21216.05,21292.0,13665.81287
2023-01-17 05:00:00,21292.0,21294.0,21048.16,21132.36,11788.13722
2023-01-17 06:00:00,21133.34,21224.12,21127.04,21185.89,5784.32972
2023-01-17 07:00:00,21185.89,21227.0,21097.27,21185.65,6157.30499
2023-01-17 08:00:00,21185.65,21299.04,21064.56,21109.52,16464.46502
2023-01-17 09:00:00,21108.16,21146.13,20841.31,21041.3,13930.22817
2023-01-17 10:00:00,21039.96,21110.86,20986.34,21102.13,6781.60315
2023-01-17 11:00:00,21102.13,21173.4,21061.93,21124.57,6278.4675
2023-01-17 12:00:00,21124.57,21236.62,21102.02,21159.29,8071.76476
2023-01-17 13:00:00,21159.29,21185.87,21130.0,21151.21,5747.39242
2023-01-17 14:00:00,21151.21,21156.28,21063.52,21075.27,5862.87157
2023-01-17 15:00:00,21076.5,21177.14,21060.8,21133.65,8038.47098
2023-01-17 16:00:00,21133.65,21214.18,21128.59,21200.95,7970.93276
2023-01-17 17:00:00,21199.51,21249.46,21145.0,21174.92,7959.74132
2023-01-17 18:00:00,21173.9,21181.88,21082.48,21129.69,8319.63168
2023-01-17 19:00:00,21130.43,21236.74,21103.0,21219.75,8516.60096
2023-01-17 20:00:00,21219.21,21352.0,21190.27,21252.23,13590.02744
2023-01-17 21:00:00,21253.23,21271.18,21177.42,21235.07,8864.68824
2023-01-17 22:00:00,21235.07,21647.45,21056.0,21281.66,40856.89672
2023-01-17 23:00:00,21281.66,21389.48,21030.0,21176.06,23792.89942
2023-01-18 00:00:00,21176.06,21250.0,21084.0,21162.92,14338.97407
2023-01-18 01:00:00,21161.92,21246.15,21086.0,21220.78,10081.28681
2023-01-18 02:00:00,21222.39,21412.0,21184.95,21362.89,12955.34767
2023-01-18 03:00:00,21362.89,21383.14,21283.27,21336.46,11282.92286
2023-01-18 04:00:00,21336.46,21398.48,21263.22,21390.44,10341.90563
2023-01-18 05:00:00,21391.82,21413.15,21274.56,21312.63,8660.07552
2023-01-18 06:00:00,21312.63,21339.99,21206.63,21232.38,6080.38445
2023-01-18 07:00:00,21232.38,21275.0,21121.71,21134.81,10620.16497
2023-01-18 08:00:00,21132.29,21242.55,21103.15,21202.97,9357.75343
2023-01-18 09:00:00,21202.42,21264.98,21175.0,21243.96,8085.67819
2023-01-18 10:00:00,21243.96,21352.46,21152.0,21292.56,12814.49515
2023-01-18 11:00:00,21293.76,21377.44,21255.69,21258.54,10043.2727
2023-01-18 12:00:00,21257.0,21301.23,21228.54,21279.61,6556.92986
2023-01-18 13:00:00,21279.61,21320.0,21254.27,21311.33,6574.57324
2023-01-18 14:00:00,21311.32,21316.24,21244.88,21261.76,6388.56334
2023-01-18 15:00:00,21261.03,21308.42,21246.43,21307.94,7177.36036
2023-01-18 16:00:00,21307.94,21316.77,21210.0,21249.31,8696.92487
2023-01-18 17:00:00,21249.31,21282.0,21151.0,21230.09,10040.50708
2023-01-18 18:00:00,21230.54,21257.31,21164.51,21183.83,7483.79637
2023-01-18 19:00:00,21183.02,21237.47,21172.9,21204.67,7004.18279
2023-01-18 20:00:00,21204.67,21295.97,21202.57,21259.18,7787.02842
2023-01-18 21:00:00,21260.13,21471.27,21196.03,21403.31,23163.62002
2023-01-18 22:00:00,21403.31,21650.0,21314.12,21424.3,31303.98521
2023-01-18 23:00:00,21424.3,21560.0,20842.0,21042.73,35284.17703
2023-01-19 00:00:00,21042.73,21042.73,20407.15,20845.47,47359.39116
2023-01-19 01:00:00,20849.89,21136.8,20743.53,20887.85,37531.0477
2023-01-19 02:00:00,20887.85,21063.52,20840.81,20936.83,18670.06218
2023-01-19 03:00:00,20936.37,20980.0,20881.19,20906.54,8985.84095
2023-01-19 04:00:00,20905.37,20938.67,20666.79,20732.6,15186.90879
2023-01-19 05:00:00,20731.35,20841.18,20712.96,20780.36,9302.66328
2023-01-19 06:00:00,20780.36,20815.0,20624.02,20805.8,6866.48186
2023-01-19 07:00:00,20805.8,20818.01,20642.69,20677.47,9250.77551
2023-01-19 08:00:00,20677.47,20764.64,20660.15,20694.01,10490.32223
2023-01-19 09:00:00,20694.64,20775.85,20676.32,20716.95,8379.63472
2023-01-19 10:00:00,20716.95,20777.82,20659.19,20763.66,8783.78767
2023-01-19 11:00:00,20763.32,20817.85,20742.3,20748.04,9613.76916
2023-01-19 12:00:00,20748.04,20874.81,20742.71,20810.18,8614.8224
2023-01-19 13:00:00,20810.53,20851.14,20793.34,20814.82,6082.19494
2023-01-19 14:00:00,20814.82,20856.0,20799.0,20828.59,6862.69674
2023-01-19 15:00:00,20829.12,20848.83,20803.39,20818.95,7288.91229
2023-01-19 16:00:00,20818.94,20846.75,20758.0,20769.06,9573.54624
2023-01-19 17:00:00,20769.06,20810.0,20730.58,20795.39,8720.29962
2023-01-19 18:00:00,20794.73,20802.97,20749.98,20796.47,7640.4019
2023-01-19 19:00:00,20796.47,20799.83,20706.9,20743.72,9588.19257
2023-01-19 20:00:00,20744.17,20775.71,20679.65,20727.03,10629.2648
2023-01-19 21:00:00,20728.3,20813.98,20660.8,20776.95,14871.00227
2023-01-19 22:00:00,20776.06,20883.8,20718.83,20799.4,17213.76998
2023-01-19 23:00:00,20799.98,20960.23,20785.0,20876.44,18617.72318
2023-01-20 00:00:00,20876.44,20926.84,20826.76,20875.41,11822.69262
2023-01-20 01:00:00,20874.69,20944.71,20791.13,20841.16,11692.45119
2023-01-20 02:00:00,20841.16,21023.11,20831.08,20977.73,12709.10267
2023-01-20 03:00:00,20978.76,21142.07,20949.34,21090.95,15284.71294
2023-01-20 04:00:00,21092.1,21192.0,21036.76,21102.44,14030.5587
2023-01-20 05:00:00,21102.44,21115.28,20919.31,20932.98,8902.78114
2023-01-20 06:00:00,20933.65,21083.57,20930.01,21065.23,6648.58457
2023-01-20 07:00:00,21065.84,21125.43,21015.81,21071.59,7324.62471
2023-01-20 08:00:00,21071.59,21121.42,21028.95,21054.74,9394.96625
2023-01-20 09:00:00,21054.02,21151.67,21013.96,21117.28,9324.69056
2023-01-20 10:00:00,21116.44,21219.6,21078.55,21079.66,11547.13357
2023-01-20 11:00:00,21079.66,21113.61,21058.02,21087.74,6874.54009
2023-01-20 12:00:00,21087.74,21127.33,20972.24,20991.01,9914.72397
2023-01-20 13:00:00,20991.01,21037.78,20953.23,20982.27,10111.85773
2023-01-20 14:00:00,20983.09,20999.8,20926.14,20943.73,8809.62263
2023-01-20 15:00:00,20943.73,20987.0,20861.28,20959.44,9639.22592
2023-01-20 16:00:00,20958.43,20976.35,20898.79,20946.15,8841.85973
2023-01-20 17:00:00,20946.98,20993.99,20905.22,20959.17,8313.07021
2023-01-20 18:00:00,20959.76,20970.3,20915.41,20962.16,8504.89676
2023-01-20 19:00:00,20962.68,20984.87,20935.17,20963.51,7633.03625
2023-01-20 20:00:00,20963.34,21127.28,20955.53,21089.54,13835.90061
2023-01-20 21:00:00,21088.82,21147.0,21041.41,21058.68,12991.81511
2023-01-20 22:00:00,21059.71,21168.69,21013.73,21153.97,18814.44356
2023-01-20 23:00:00,21153.0,21247.55,21105.99,21144.77,18076.41381
2023-01-21 00:00:00,21145.05,21415.64,21140.99,21313.29,20597.49818
2023-01-21 01:00:00,21313.29,21410.0,21279.9,21353.61,15591.7682
2023-01-21 02:00:00,21353.62,21437.3,21290.57,21384.49,16897.42332
2023-01-21 03:00:00,21385.52,21529.0,21356.7,21496.67,15675.31388
2023-01-21 04:00:00,21496.67,22385.41,21495.75,22288.37,38250.58144
2023-01-21 05:00:00,22288.91,22448.0,22207.78,22315.41,20584.70342
2023-01-21 06:00:00,22316.49,22729.99,22313.66,22595.08,22178.6343
2023-01-21 07:00:00,22593.98,22755.93,22537.8,22667.21,15675.01709
2023-01-21 08:00:00,22666.0,22792.86,22422.0,22576.17,20472.4438
2023-01-21 09:00:00,22576.86,22618.78,22551.72,22563.99,9118.0917
2023-01-21 10:00:00,22563.04,22623.21,22508.33,22551.05,9133.08428
2023-01-21 11:00:00,22551.05,22571.4,22492.68,22547.35,7966.3005
2023-01-21 12:00:00,22547.83,22643.65,22514.6,22597.96,8799.63999
2023-01-21 13:00:00,22597.96,22621.39,22562.84,22573.98,6273.14562
2023-01-21 14:00:00,22573.99,22622.99,22554.72,22620.93,7304.81276
2023-01-21 15:00:00,22620.42,22670.0,22600.74,22638.36,8626.60818
2023-01-21 16:00:00,22638.36,22776.31,22626.62,22700.63,14325.75294
2023-01-21 17:00:00,22700.62,23100.0,22685.48,23037.49,21435.26207
2023-01-21 18:00:00,23037.46,23335.77,22595.23,22777.52,49733.13453
2023-01-21 19:00:00,22778.51,22953.93,22652.61,22905.65,16879.35557
2023-01-21 20:00:00,22907.01,23087.63,22888.0,23039.5,16479.91424
2023-01-21 21:00:00,23041.12,23050.0,22851.94,22930.04,13004.21114
2023-01-21 22:00:00,22930.87,23018.92,22875.54,22955.26,10483.76615
2023-01-21 23:00:00,22955.8,23280.0,22930.92,22998.9,20526.86682
2023-01-22 00:00:00,22998.9,23269.73,22980.0,23197.45,18963.01053
2023-01-22 01:00:00,23196.43,23371.8,23126.06,23226.65,21948.64533
2023-01-22 02:00:00,23225.17,23269.99,23053.24,23248.52,12484.54121
2023-01-22 03:00:00,23247.4,23308.06,23174.08,23270.5,8812.55582
2023-01-22 04:00:00,23270.97,23299.55,23080.0,23093.38,9845.15016
2023-01-22 05:00:00,23093.38,23220.0,23009.11,23204.64,8119.76021
2023-01-22 06:00:00,23203.41,23210.91,22737.36,22759.71,8554.59214
2023-01-22 07:00:00,22757.14,22964.6,22680.73,22783.55,17154.83863
2023-01-22 08:00:00,22783.35,22979.88,22700.06,22877.48,12868.12927
2023-01-22 09:00:00,22877.48,22891.76,22688.78,22792.13,11684.54279
2023-01-22 10:00:00,22793.12,22833.26,22602.55,22707.64,10857.25989
2023-01-22 11:00:00,22706.9,22774.18,22668.48,22758.3,7683.73374
2023-01-22 12:00:00,22759.08,22868.98,22716.72,22847.79,7994.62992
2023-01-22 13:00:00,22847.31,22895.4,22832.56,22878.37,7323.69528
2023-01-22 14:00:00,22878.37,22967.33,22862.7,22919.67,7256.88643
2023-01-22 15:00:00,22920.74,22959.68,22875.0,22895.2,7193.47495
2023-01-22 16:00:00,22895.49,22921.24,22809.56,22909.76,7787.97022
2023-01-22 17:00:00,22908.2,22938.12,22833.59,22856.68,7865.51774
2023-01-22 18:00:00,22857.48,22903.51,22839.09,22872.97,6492.94012
2023-01-22 19:00:00,22872.21,22884.91,22726.02,22783.61,9593.06382
2023-01-22 20:00:00,22784.74,22871.68,22700.01,22869.56,9487.18959
2023-01-22 21:00:00,22869.56,22930.01,22846.82,22897.79,8297.3639
2023-01-22 22:00:00,22897.79,23040.0,22866.81,22990.41,10098.35919
2023-01-22 23:00:00,22990.42,23078.71,22645.59,22794.51,21388.11528
2023-01-23 00:00:00,22794.63,22862.27,22689.72,22819.28,11885.65438
2023-01-23 01:00:00,22819.38,22959.71,22780.5,22922.34,12654.34323
2023-01-23 02:00:00,22922.34,22936.84,22818.84,22838.0,7618.14644
2023-01-23 03:00:00,22838.0,22856.75,22687.13,22722.15,8947.37796
2023-01-23 04:00:00,22721.88,22736.0,22292.37,22459.46,24946.44483
2023-01-23 05:00:00,22459.46,22639.71,22317.0,22585.37,16210.74983
2023-01-23 06:00:00,22585.38,22698.0,22536.26,22676.48,6896.86211
2023-01-23 07:00:00,22676.48,22773.89,22641.11,22707.88,10545.30195
2023-01-23 08:00:00,22706.02,22811.15,22660.67,22745.28,11526.99258
2023-01-23 09:00:00,22744.83,22826.46,22690.3,22699.37,8632.03099
2023-01-23 10:00:00,22699.37,22757.65,22690.3,22752.05,6370.10252
2023-01-23 11:00:00,22752.71,22771.14,22646.43,22661.02,9610.87165
2023-01-23 12:00:00,22661.02,22759.49,22659.12,22758.32,7413.16663
2023-01-23 13:00:00,22758.32,22769.71,22706.25,22723.63,7182.02647
2023-01-23 14:00:00,22724.48,22794.33,22691.66,22773.33,7916.96653
2023-01-23 15:00:00,22773.92,22786.0,22600.14,22695.9,10682.10567
2023-01-23 16:00:00,22696.61,22769.53,22662.38,22719.28,8958.38632
2023-01-23 17:00:00,22719.28,22788.0,22703.26,22784.18,6806.1038
2023-01-23 18:00:00,22784.85,22957.25,22764.91,22909.95,12356.08774
2023-01-23 19:00:00,22909.95,22930.0,22826.23,22904.58,10145.71683
2023-01-23 20:00:00,22904.58,22978.0,22808.9,22910.74,11855.32051
2023-01-23 21:00:00,22911.6,22939.49,22668.43,22798.41,16043.49764
2023-01-23 22:00:00,22799.89,23115.0,22500.0,22622.05,26695.67737
2023-01-23 23:00:00,22627.71,22920.0,22586.68,22853.14,25773.01312
2023-01-24 00:00:00,22855.44,22935.78,22765.27,22911.17,15724.16437
2023-01-24 01:00:00,22911.86,23067.86,22850.15,23065.22,14053.85121
2023-01-24 02:00:00,23065.22,23180.0,22862.07,22936.2,20704.3155
2023-01-24 03:00:00,22935.95,22967.99,22654.0,22792.47,20796.10381
2023-01-24 04:00:00,22792.47,23034.9,22753.71,23022.64,12412.72474
2023-01-24 05:00:00,23020.53,23044.56,22937.54,22996.0,8430.26746
2023-01-24 06:00:00,22996.82,23034.46,22852.01,22925.32,6452.02899
2023-01-24 07:00:00,22925.32,22959.92,22869.12,22916.45,7046.85693
2023-01-24 08:00:00,22917.81,23009.79,22864.67,22986.44,11074.85309
2023-01-24 09:00:00,22985.52,23105.52,22930.12,23089.46,11340.91396
2023-01-24 10:00:00,23088.48,23144.76,23036.27,23036.68,11237.86878
2023-01-24 11:00:00,23036.68,23084.0,23002.31,23079.27,7778.93895
2023-01-24 12:00:00,23079.87,23121.66,23062.82,23072.15,7254.73594
2023-01-24 13:00:00,23072.17,23162.2,23026.01,23118.17,10378.18623
2023-01-24 14:00:00,23118.44,23155.82,23062.55,23095.63,8342.92836
2023-01-24 15:00:00,23094.85,23128.99,23006.98,23054.08,8474.34273
2023-01-24 16:00:00,23054.7,23090.25,23033.8,23053.12,7524.42334
2023-01-24 17:00:00,23052.67,23058.29,22770.0,22852.79,20640.46218
2023-01-24 18:00:00,22852.21,22942.7,22846.12,22902.51,9958.06109
2023-01-24 19:00:00,22902.51,22933.32,22866.23,22917.66,7962.21202
2023-01-24 20:00:00,22917.11,23035.31,22882.09,22964.13,9509.92112
2023-01-24 21:00:00,22963.2,23016.8,22785.01,22859.93,13527.09578
2023-01-24 22:00:00,22860.37,22961.18,22711.0,22859.1,23597.17727
2023-01-24 23:00:00,22859.1,22959.88,22750.01,22931.36,18056.79224
2023-01-25 00:00:00,22931.36,22949.26,22841.48,22875.18,10325.67171
2023-01-25 01:00:00,22875.18,22927.37,22785.59,22913.49,12103.89133
2023-01-25 02:00:00,22913.49,23050.0,22877.19,22999.85,12618.86498
2023-01-25 03:00:00,23000.0,23079.0,22961.85,23018.53,9156.88769
2023-01-25 04:00:00,23017.73,23040.27,22879.08,23010.34,12069.37161
2023-01-25 05:00:00,23009.3,23080.45,22818.02,22902.84,12787.60829
2023-01-25 06:00:00,22902.84,22929.63,22669.42,22755.52,16704.72195
2023-01-25 07:00:00,22755.47,22786.96,22462.93,22632.89,20732.8519
2023-01-25 08:00:00,22631.94,22715.06,22498.0,22652.23,17892.84686
2023-01-25 09:00:00,22651.23,22665.58,22300.0,22490.64,20404.83877
2023-01-25 10:00:00,22491.58,22597.64,22481.31,22549.89,9228.51617
2023-01-25 11:00:00,22550.24,22650.0,22535.09,22643.61,8574.90169
2023-01-25 12:00:00,22643.04,22658.64,22620.12,22624.83,6541.56707
2023-01-25 13:00:00,22625.32,22737.58,22606.04,22670.72,8150.81054
2023-01-25 14:00:00,22671.42,22739.18,22634.86,22713.76,7677.15225
2023-01-25 15:00:00,22713.59,22772.0,22694.79,22712.45,7723.70406
2023-01-25 16:00:00,22711.85,22739.11,22655.67,22659.72,7981.88832
2023-01-25 17:00:00,22659.71,22709.73,22570.76,22607.26,10756.71092
2023-01-25 18:00:00,22607.26,22630.78,22475.0,22611.9,13147.50834
2023-01-25 19:00:00,22610.91,22628.42,22561.18,22598.47,7114.50494
2023-01-25 20:00:00,22598.45,22745.0,22591.7,22694.23,14564.02397
2023-01-25 21:00:00,22694.22,22729.99,22565.01,22595.72,10785.18821
2023-01-25 22:00:00,22595.08,22625.73,22415.35,22435.47,21076.44743
2023-01-25 23:00:00,22435.47,22606.35,22335.0,22577.86,24088.09308
2023-01-26 00:00:00,22578.79,22690.44,22516.98,22629.75,15332.31405
2023-01-26 01:00:00,22629.75,22653.93,22510.0,22568.94,11718.39873
2023-01-26 02:00:00,22569.11,22726.43,22555.44,22724.9,11231.1755
2023-01-26 03:00:00,22724.9,22765.3,22651.75,22748.86,12624.58451
2023-01-26 04:00:00,22749.97,22950.91,22749.93,22938.09,20417.82756
2023-01-26 05:00:00,22935.92,23700.0,22832.38,23592.55,31154.76165
2023-01-26 06:00:00,23592.56,23816.73,22816.66,22932.2,28641.81816
2023-01-26 07:00:00,22933.23,23212.0,22886.4,23060.94,19213.24945
2023-01-26 08:00:00,23060.42,23282.47,23041.14,23240.42,16188.12884
2023-01-26 09:00:00,23240.42,23247.0,23133.49,23163.24,12552.9194
2023-01-26 10:00:00,23163.24,23265.0,23137.79,23178.98,10376.8072
2023-01-26 11:00:00,23178.98,23231.89,23104.67,23136.16,10049.36738
2023-01-26 12:00:00,23136.16,23197.8,23105.35,23179.35,9398.71102
2023-01-26 13:00:00,23178.7,23192.47,23130.55,23147.48,8116.17411
2023-01-26 14:00:00,23148.26,23164.11,22897.17,23087.87,17426.84588
2023-01-26 15:00:00,23088.63,23096.78,22951.27,22966.73,10343.21037
2023-01-26 16:00:00,22965.81,23048.49,22923.56,23003.87,9445.4274
2023-01-26 17:00:00,23003.11,23036.69,22900.0,22970.7,9896.50864
2023-01-26 18:00:00,22970.7,22995.72,22850.01,22939.26,11848.43077
2023-01-26 19:00:00,22939.26,22993.9,22895.48,22992.94,8135.87839
2023-01-26 20:00:00,22992.09,23147.98,22962.2,23120.96,12845.25586
2023-01-26 21:00:00,23120.96,23154.21,22880.95,23128.35,20626.57133
2023-01-26 22:00:00,23127.49,23250.0,22922.0,23039.35,25786.18933
2023-01-26 23:00:00,23037.23,23179.38,22901.0,22958.02,21930.21844
2023-01-27 00:00:00,22955.16,23032.16,22853.81,23003.98,16062.04634
2023-01-27 01:00:00,23003.33,23062.77,22958.5,22982.85,9892.04898
2023-01-27 02:00:00,22983.25,23106.51,22959.0,23037.16,10194.8719
2023-01-27 03:00:00,23038.01,23091.7,22980.87,23070.0,7455.18397
2023-01-27 04:00:00,23068.57,23195.0,23037.0,23112.57,9669.55094
2023-01-27 05:00:00,23110.98,23121.32,22963.07,23081.77,8416.36973
2023-01-27 06:00:00,23081.78,23150.0,22989.36,23003.79,6241.33424
2023-01-27 07:00:00,23004.81,23036.3,22967.3,23009.65,6026.38535
2023-01-27 08:00:00,23009.65,23076.62,22897.02,22925.5,10025.55781
2023-01-27 09:00:00,22925.08,22968.73,22534.88,22647.48,18777.70517
2023-01-27 10:00:00,22647.44,22815.4,22602.85,22781.67,10444.72509
2023-01-27 11:00:00,22781.67,22843.29,22761.49,22772.62,6934.89115
2023-01-27 12:00:00,22772.2,22858.22,22760.64,22802.81,6170.87432
2023-01-27 13:00:00,22802.3,23100.0,22796.95,23034.92,12715.19394
2023-01-27 14:00:00,23034.92,23054.96,22970.0,23002.92,9903.44269
2023-01-27 15:00:00,23002.48,23081.83,22934.35,23072.77,9935.35465
2023-01-27 16:00:00,23072.29,23083.87,22925.1,22964.51,10846.11417
2023-01-27 17:00:00,22964.51,22985.88,22905.0,22947.87,7625.15012
2023-01-27 18:00:00,22947.87,22989.99,22903.03,22948.04,7133.72336
2023-01-27 19:00:00,22948.98,22973.75,22915.12,22967.47,7947.13148
2023-01-27 20:00:00,22967.48,22988.49,22857.14,22932.41,10322.05561
2023-01-27 21:00:00,22932.43,23022.0,22851.08,22899.82,15909.04637
2023-01-27 22:00:00,22900.53,23052.69,22841.19,22967.66,14987.28938
2023-01-27 23:00:00,22967.66,23148.0,22928.2,22933.96,21594.88386
2023-01-28 00:00:00,22932.2,23144.0,22924.01,23129.72,13594.43178
2023-01-28 01:00:00,23130.75,23244.99,23077.8,23204.74,15992.92842
2023-01-28 02:00:00,23204.74,23252.63,23131.3,23183.91,10710.31106
2023-01-28 03:00:00,23183.91,23284.32,23158.23,23253.06,8717.0557
2023-01-28 04:00:00,23253.06,23500.0,23016.79,23108.82,27561.53877
2023-01-28 05:00:00,23108.82,23196.24,23050.0,23080.88,9672.02966
2023-01-28 06:00:00,23080.88,23100.09,22951.33,23008.22,7874.81798
2023-01-28 07:00:00,23007.4,23083.08,23005.09,23074.16,5437.61061
2023-01-28 08:00:00,23074.16,23189.0,23042.54,23151.84,8247.18867
2023-01-28 09:00:00,23151.27,23172.3,23072.7,23090.53,6212.30453
2023-01-28 10:00:00,23091.12,23127.49,23067.8,23086.84,5273.90619
2023-01-28 11:00:00,23086.84,23147.33,23080.2,23117.44,4581.76081
2023-01-28 12:00:00,23117.44,23133.4,23079.09,23092.24,5188.32631
2023-01-28 13:00:00,23092.24,23110.0,23021.74,23066.38,7041.63263
2023-01-28 14:00:00,23066.94,23081.0,23010.0,23038.21,5857.53326
2023-01-28 15:00:00,23038.68,23043.49,22951.01,22991.51,6640.7863
2023-01-28 16:00:00,22991.86,23016.79,22953.04,22978.64,6319.79371
2023-01-28 17:00:00,22978.87,23017.27,22905.0,22998.6,7184.53854
2023-01-28 18:00:00,22998.24,23012.57,22947.0,22974.47,6401.44743
2023-01-28 19:00:00,22974.03,22999.99,22937.01,22981.51,5769.60189
2023-01-28 20:00:00,22981.51,22983.12,22917.39,22955.25,7474.12723
2023-01-28 21:00:00,22954.76,22974.83,22878.46,22970.1,10905.72719
2023-01-28 22:00:00,22970.8,22982.95,22947.0,22949.43,5612.89083
2023-01-28 23:00:00,22949.44,23044.12,22933.58,23012.54,9458.575
2023-01-29 00:00:00,23012.02,23052.82,23005.79,23018.14,6212.50882
2023-01-29 01:00:00,23018.14,23029.93,22975.0,23018.96,5599.18936
2023-01-29 02:00:00,23018.96,23029.92,22977.1,22998.31,4317.5576
2023-01-29 03:00:00,22998.31,23043.12,22990.0,23039.35,4301.84464
2023-01-29 04:00:00,23039.35,23042.91,22953.07,22966.91,5653.9302
2023-01-29 05:00:00,22966.89,23010.0,22942.0,23001.41,5517.2576
2023-01-29 06:00:00,23001.41,23016.5,22973.35,22977.63,3934.01442
2023-01-29 07:00:00,22978.2,23031.9,22961.34,23022.6,4409.26769
2023-01-29 08:00:00,23021.4,23145.38,22967.76,23112.95,9049.12052
2023-01-29 09:00:00,23112.95,23492.0,23112.14,23232.32,24472.03253
2023-01-29 10:00:00,23231.22,23279.41,23051.43,23143.08,12690.97942
2023-01-29 11:00:00,23143.64,23198.63,23104.35,23193.43,6368.66296
2023-01-29 12:00:00,23194.27,23241.28,23144.99,23228.89,7249.46347
2023-01-29 13:00:00,23228.89,23255.0,23190.08,23249.5,6306.20767
2023-01-29 14:00:00,23249.5,23268.51,23183.17,23198.58,6038.90792
2023-01-29 15:00:00,23199.3,23220.76,23174.47,23203.86,5393.54974
2023-01-29 16:00:00,23203.39,23224.55,23153.64,23172.28,5894.58708
2023-01-29 17:00:00,23172.28,23373.89,23156.89,23296.8,13621.67683
2023-01-29 18:00:00,23296.8,23500.0,23295.06,23448.03,17517.02878
2023-01-29 19:00:00,23447.1,23605.74,23270.03,23432.17,18706.39808
2023-01-29 20:00:00,23431.39,23543.56,23350.47,23478.21,13612.57807
2023-01-29 21:00:00,23478.21,23666.0,23457.93,23538.94,18909.58007
2023-01-29 22:00:00,23538.04,23596.88,23412.1,23538.58,13731.01051
2023-01-29 23:00:00,23538.04,23549.62,23470.15,23525.09,8470.38029
2023-01-30 00:00:00,23525.09,23650.0,23472.0,23586.44,15494.72714
2023-01-30 01:00:00,23586.44,23641.8,23546.83,23591.38,11721.97262
2023-01-30 02:00:00,23591.38,23759.0,23536.65,23678.99,15785.80867
2023-01-30 03:00:00,23677.95,23960.54,23661.0,23897.84,23293.93373
2023-01-30 04:00:00,23896.65,23910.6,23600.0,23698.65,15648.221
2023-01-30 05:00:00,23698.65,23828.76,23656.33,23794.2,9301.06405
2023-01-30 06:00:00,23795.24,23821.21,23720.08,23765.93,5744.20146
2023-01-30 07:00:00,23765.93,23877.8,23727.17,23742.3,10666.69943
2023-01-30 08:00:00,23743.37,23800.51,23683.96,23751.43,10261.83669
2023-01-30 09:00:00,23751.02,23765.9,23625.83,23670.08,10375.90064
2023-01-30 10:00:00,23670.08,23673.49,23567.1,23645.76,9335.74532
2023-01-30 11:00:00,23645.76,23703.61,23621.74,23701.44,6930.90378
2023-01-30 12:00:00,23700.78,23769.32,23694.31,23717.76,7489.99072
2023-01-30 13:00:00,23717.76,23733.86,23663.0,23728.71,6783.55715
2023-01-30 14:00:00,23728.71,23744.6,23658.0,23692.38,7732.32161
2023-01-30 15:00:00,23691.84,23706.36,23599.15,23642.81,9339.96326
2023-01-30 16:00:00,23642.81,23676.98,23507.0,23548.76,12879.05024
2023-01-30 17:00:00,23547.79,23552.65,23110.0,23191.2,30359.75905
2023-01-30 18:00:00,23191.2,23305.73,23101.62,23243.54,13937.89938
2023-01-30 19:00:00,23244.5,23275.55,23017.0,23077.47,15366.9206
2023-01-30 20:00:00,23077.47,23153.06,22962.68,23076.27,16984.69992
2023-01-30 21:00:00,23076.27,23132.74,23045.0,23057.19,9516.28569
2023-01-30 22:00:00,23057.72,23289.86,23027.3,23287.7,16950.55929
2023-01-30 23:00:00,23288.97,23301.82,23048.79,23178.51,14938.10158
2023-01-31 00:00:00,23178.51,23248.86,23110.38,23170.38,12520.73968
2023-01-31 01:00:00,23170.38,23237.86,23088.06,23108.94,11644.19512
2023-01-31 02:00:00,23109.92,23180.0,23067.34,23138.83,9788.90857
2023-01-31 03:00:00,23139.06,23141.82,22627.9,22784.86,24844.3908
2023-01-31 04:00:00,22784.86,22810.0,22558.88,22697.83,16318.16625
2023-01-31 05:00:00,22697.83,22794.8,22674.05,22743.7,9403.45069
2023-01-31 06:00:00,22744.64,22768.02,22500.0,22729.81,9085.44002
2023-01-31 07:00:00,22731.1,22840.69,22703.61,22826.15,9617.11516
2023-01-31 08:00:00,22827.38,22877.45,22714.77,22828.32,11523.71022
2023-01-31 09:00:00,22828.32,22862.0,22755.23,22830.23,8866.9626
2023-01-31 10:00:00,22830.23,22913.71,22817.3,22857.93,8902.28528
2023-01-31 11:00:00,22857.93,22869.94,22814.81,22835.01,5838.55706
2023-01-31 12:00:00,22835.46,22865.58,22800.33,22861.59,6810.39671
2023-01-31 13:00:00,22862.32,22873.01,22754.23,22759.14,7408.77393
2023-01-31 14:00:00,22759.14,22867.77,22743.05,22812.12,9607.79061
2023-01-31 15:00:00,22812.12,22989.48,22809.67,22978.24,11639.20648
2023-01-31 16:00:00,22978.24,22996.84,22835.01,22912.62,11420.32067
2023-01-31 17:00:00,22912.6,22942.13,22882.89,22891.34,6771.09473
2023-01-31 18:00:00,22892.45,22913.0,22815.0,22828.87,8807.57025
2023-01-31 19:00:00,22828.15,22881.44,22810.03,22865.43,8128.05264
2023-01-31 20:00:00,22865.97,22923.99,22851.01,22895.15,8860.36003
2023-01-31 21:00:00,22895.82,23127.5,22884.86,23127.11,19784.4525
2023-01-31 22:00:00,23126.94,23197.38,23056.0,23119.64,20608.66415
2023-01-31 23:00:00,23118.76,23206.84,23075.01,23121.8,15664.6257
2023-02-01 00:00:00,23121.8,23221.14,23081.08,23109.17,14714.9828
2023-02-01 01:00:00,23109.88,23182.13,23086.01,23152.42,9824.57802
2023-02-01 02:00:00,23151.76,23187.0,23115.06,23165.96,8376.46543
2023-02-01 03:00:00,23166.54,23188.58,23087.28,23163.88,9139.8747
2023-02-01 04:00:00,23162.99,23172.8,23045.07,23095.41,10546.57529
2023-02-01 05:00:00,23095.41,23124.34,22812.69,22948.69,17969.15727
2023-02-01 06:00:00,22947.66,23320.0,22872.12,23181.81,12479.54407
2023-02-01 07:00:00,23181.81,23188.7,23081.19,23125.13,10955.34795
2023-02-01 08:00:00,23125.13,23168.9,22997.1,23085.73,12121.64019
2023-02-01 09:00:00,23085.36,23184.29,23055.25,23123.09,9512.34705
2023-02-01 10:00:00,23123.1,23130.93,23078.5,23108.43,7108.81617
2023-02-01 11:00:00,23107.17,23134.59,23038.07,23130.19,6963.14876
2023-02-01 12:00:00,23130.7,23157.41,23107.83,23135.98,6849.16887
2023-02-01 13:00:00,23136.75,23167.39,23111.39,23118.67,7203.55757
2023-02-01 14:00:00,23118.68,23131.98,23048.25,23065.77,9050.34218
2023-02-01 15:00:00,23065.77,23115.54,23017.07,23076.68,9414.40529
2023-02-01 16:00:00,23076.67,23087.43,22938.16,22982.03,12329.59133
2023-02-01 17:00:00,22982.15,23021.87,22919.33,22991.86,8580.88945
2023-02-01 18:00:00,22992.69,23011.87,22942.84,22996.3,6854.90401
2023-02-01 19:00:00,22996.3,23100.0,22987.6,23077.52,9473.27665
2023-02-01 20:00:00,23078.43,23108.09,23048.1,23060.63,8027.88923
2023-02-01 21:00:00,23061.34,23140.89,23015.34,23086.1,13119.927
2023-02-01 22:00:00,23086.78,23144.85,23028.88,23101.0,14518.97041
2023-02-01 23:00:00,23101.0,23111.78,22938.36,22979.73,18159.57255
2023-02-02 00:00:00,22979.73,23036.63,22918.2,22999.85,7567.43291
2023-02-02 01:00:00,23000.62,23038.93,22929.0,22994.27,8248.08199
2023-02-02 02:00:00,22993.32,23128.0,22943.47,23077.26,13755.6663
2023-02-02 03:00:00,23075.53,23494.77,22760.23,23385.99,48362.42475
2023-02-02 04:00:00,23385.99,23650.0,23320.01,23573.11,29029.31149
2023-02-02 05:00:00,23571.72,23800.0,23535.27,23681.05,22847.57559
2023-02-02 06:00:00,23681.05,23812.66,23654.83,23714.5,10835.68856
2023-02-02 07:00:00,23713.81,23786.38,23682.94,23732.66,10855.79441
2023-02-02 08:00:00,23731.41,24255.0,23690.02,24189.85,26407.16074
2023-02-02 09:00:00,24188.09,24209.91,23946.59,23950.55,16540.13997
2023-02-02 10:00:00,23950.55,23988.26,23830.02,23885.19,10559.0828
2023-02-02 11:00:00,23884.85,23934.0,23847.28,23848.6,7920.05056
2023-02-02 12:00:00,23848.6,23907.79,23838.3,23882.87,7784.41929
2023-02-02 13:00:00,23882.87,23921.1,23800.0,23804.61,8555.18843
2023-02-02 14:00:00,23803.74,23831.17,23658.2,23786.46,11976.68705
2023-02-02 15:00:00,23786.46,23832.28,23738.75,23781.12,8458.06064
2023-02-02 16:00:00,23780.65,23852.75,23766.16,23799.59,9533.64662
2023-02-02 17:00:00,23799.16,23836.0,23750.0,23830.91,8929.0013
2023-02-02 18:00:00,23830.23,23835.0,23770.8,23780.17,7433.76141
2023-02-02 19:00:00,23780.84,23850.68,23772.68,23820.49,8445.33577
2023-02-02 20:00:00,23820.49,23831.92,23760.83,23800.76,9612.75861
2023-02-02 21:00:00,23800.77,23816.92,23715.41,23766.53,13390.27586
2023-02-02 22:00:00,23766.53,23945.68,23525.0,23609.11,30987.36707
2023-02-02 23:00:00,23609.11,23927.21,23550.8,23839.5,29495.19429
2023-02-03 00:00:00,23839.5,23898.98,23765.09,23790.35,19698.71575
2023-02-03 01:00:00,23790.35,23935.05,23780.01,23893.33,14027.00706
2023-02-03 02:00:00,23894.1,24144.62,23889.88,24054.54,24227.07145
2023-02-03 03:00:00,24055.71,24071.0,23725.76,23802.57,25274.6563
2023-02-03 04:00:00,23802.57,23878.0,23748.55,23872.75,15880.07072
2023-02-03 05:00:00,23872.76,23924.81,23413.02,23455.65,24846.98228
2023-02-03 06:00:00,23455.65,23618.98,23363.27,23556.13,13508.07482
2023-02-03 07:00:00,23556.7,23595.5,23423.75,23488.94,10686.49872
2023-02-03 08:00:00,23489.33,23585.04,23436.06,23552.89,12175.93159
2023-02-03 09:00:00,23553.32,23590.11,23522.7,23555.12,8343.49653
2023-02-03 10:00:00,23555.12,23580.6,23411.47,23475.45,11027.45565
2023-02-03 11:00:00,23475.46,23536.35,23413.01,23534.18,10062.05078
2023-02-03 12:00:00,23533.64,23566.18,23507.21,23516.73,7602.35376
2023-02-03 13:00:00,23516.73,23549.37,23501.24,23523.58,7365.7173
2023-02-03 14:00:00,23523.57,23552.4,23505.9,23513.55,7860.8868
2023-02-03 15:00:00,23512.71,23545.28,23447.25,23456.23,12159.91792
2023-02-03 16:00:00,23456.22,23472.0,23322.3,23423.52,14543.10159
2023-02-03 17:00:00,23423.52,23447.24,23399.78,23423.17,9588.25811
2023-02-03 18:00:00,23423.17,23443.5,23352.79,23431.91,10798.49926
2023-02-03 19:00:00,23431.91,23541.7,23416.23,23534.13,12966.86651
2023-02-03 20:00:00,23533.32,23570.76,23486.13,23524.75,12241.75923
2023-02-03 21:00:00,23524.2,23546.34,23244.11,23346.63,28467.22024
2023-02-03 22:00:00,23346.63,23597.68,23227.16,23518.32,29442.9542
2023-02-03 23:00:00,23518.42,23710.8,23408.76,23603.36,32073.43094
2023-02-04 00:00:00,23604.62,23715.7,23513.73,23519.21,19302.9623
2023-02-04 01:00:00,23518.92,23662.39,23501.2,23506.58,15792.41074
2023-02-04 02:00:00,23508.21,23527.79,23366.0,23418.3,18823.73509
2023-02-04 03:00:00,23417.75,23439.16,23300.76,23307.99,14811.724
2023-02-04 04:00:00,23308.05,23403.94,23204.62,23338.35,15863.22902
2023-02-04 05:00:00,23337.66,23394.35,23302.48,23379.01,7144.06114
2023-02-04 06:00:00,23379.01,23443.36,23375.88,23421.02,6806.34815
2023-02-04 07:00:00,23421.72,23472.0,23402.86,23431.9,7306.65819
2023-02-04 08:00:00,23431.9,23465.15,23382.01,23411.3,7788.02404
2023-02-04 09:00:00,23411.39,23442.24,23365.0,23373.87,6520.90978
2023-02-04 10:00:00,23373.87,23399.0,23347.72,23386.89,5698.03993
2023-02-04 11:00:00,23386.53,23393.89,23331.16,23343.43,5033.08151
2023-02-04 12:00:00,23343.12,23361.33,23314.14,23337.71,5635.97298
2023-02-04 13:00:00,23337.7,23338.78,23263.44,23312.38,6422.22929
2023-02-04 14:00:00,23312.76,23347.62,23253.96,23338.23,6239.71326
2023-02-04 15:00:00,23338.23,23357.33,23293.55,23329.18,6701.86025
2023-02-04 16:00:00,23329.18,23345.91,23296.01,23297.59,5445.02902
2023-02-04 17:00:00,23297.83,23353.76,23292.19,23340.02,7012.31149
2023-02-04 18:00:00,23340.02,23369.4,23331.24,23335.83,6319.79876
2023-02-04 19:00:00,23336.09,23376.27,23332.55,23363.76,4837.6916
2023-02-04 20:00:00,23364.14,23417.52,23340.44,23412.84,6915.51879
2023-02-04 21:00:00,23412.84,23587.78,23408.19,23503.73,18494.864
2023-02-04 22:00:00,23503.75,23510.0,23393.32,23464.36,8716.60988
2023-02-04 23:00:00,23464.36,23473.47,23387.67,23421.45,7252.55532
2023-02-05 00:00:00,23421.45,23455.52,23358.57,23407.83,8500.81711
2023-02-05 01:00:00,23408.28,23465.0,23392.28,23439.63,7603.54367
2023-02-05 02:00:00,23439.01,23472.5,23402.22,23445.66,6501.30189
2023-02-05 03:00:00,23445.66,23454.94,23415.01,23425.89,4277.87142
2023-02-05 04:00:00,23425.28,23442.27,23389.0,23412.48,5484.38416
2023-02-05 05:00:00,23412.48,23418.42,23372.92,23413.98,4614.64216
2023-02-05 06:00:00,23413.54,23449.96,23391.26,23402.89,4638.30091
2023-02-05 07:00:00,23402.89,23423.67,23259.62,23326.84,9471.40173
2023-02-05 08:00:00,23327.66,23371.99,23230.0,23291.0,9671.24209
2023-02-05 09:00:00,23290.99,23333.06,23261.22,23319.48,5783.19791
2023-02-05 10:00:00,23319.86,23347.59,23292.0,23292.21,5444.09162
2023-02-05 11:00:00,23292.22,23349.73,23289.4,23344.53,6152.28873
2023-02-05 12:00:00,23344.53,23377.54,23326.23,23364.0,5037.2136
2023-02-05 13:00:00,23364.33,23390.0,23360.73,23375.6,4740.79244
2023-02-05 14:00:00,23375.12,23433.33,23343.51,23392.8,6465.15081
2023-02-05 15:00:00,23392.35,23404.6,23360.92,23377.4,4231.56632
2023-02-05 16:00:00,23377.03,23419.74,23363.98,23393.26,5924.89158
2023-02-05 17:00:00,23393.26,23398.2,23356.4,23365.02,5404.85788
2023-02-05 18:00:00,23365.02,23404.23,23360.86,23395.57,5787.27193
2023-02-05 19:00:00,23396.12,23404.53,23345.0,23356.33,7010.70036
2023-02-05 20:00:00,23356.86,23374.8,23000.01,23170.56,15435.67672
2023-02-05 21:00:00,23170.56,23218.28,23070.02,23167.62,15897.13766
2023-02-05 22:00:00,23166.96,23212.16,23140.0,23163.45,9505.48223
2023-02-05 23:00:00,23163.45,23203.64,23060.01,23096.16,10713.90542
2023-02-06 00:00:00,23096.92,23157.75,22990.8,23075.54,12824.13549
2023-02-06 01:00:00,23075.53,23108.3,22807.99,22851.48,21945.26322
2023-02-06 02:00:00,22851.48,22950.9,22815.0,22843.92,10547.34873
2023-02-06 03:00:00,22843.92,22916.33,22743.0,22891.8,11267.40675
2023-02-06 04:00:00,22892.65,22942.03,22852.01,22886.3,6973.04337
2023-02-06 05:00:00,22886.9,22897.86,22795.01,22896.41,6714.17625
2023-02-06 06:00:00,22896.41,23030.0,22887.13,22979.51,7698.39571
2023-02-06 07:00:00,22979.51,23005.81,22900.91,22932.91,8076.10235
2023-02-06 08:00:00,22932.91,23094.92,22918.61,23054.44,8422.82634
2023-02-06 09:00:00,23055.04,23066.02,22964.16,22978.08,6739.63132
2023-02-06 10:00:00,22977.72,23003.83,22869.03,22877.82,6971.44696
2023-02-06 11:00:00,22878.52,22924.85,22823.0,22895.48,7438.98073
2023-02-06 12:00:00,22895.48,22928.2,22868.86,22873.12,6035.21725
2023-02-06 13:00:00,22873.11,22890.56,22628.13,22774.76,15492.70889
2023-02-06 14:00:00,22773.91,22803.6,22720.0,22783.44,8437.72229
2023-02-06 15:00:00,22783.44,22887.99,22753.03,22879.69,9250.3625
2023-02-06 16:00:00,22880.91,22939.99,22833.65,22862.99,10224.39701
2023-02-06 17:00:00,22862.53,22883.64,22815.62,22837.98,8526.95844
2023-02-06 18:00:00,22837.49,22870.0,22804.33,22842.41,8340.80923
2023-02-06 19:00:00,22842.86,22895.0,22735.46,22878.23,12920.07985
2023-02-06 20:00:00,22878.23,22935.27,22828.54,22885.94,11473.35648
2023-02-06 21:00:00,22885.44,22923.81,22807.28,22828.79,10217.02439
2023-02-06 22:00:00,22828.79,22900.0,22777.01,22842.47,17137.77425
2023-02-06 23:00:00,22842.47,23054.66,22745.01,23041.39,19864.52511
2023-02-07 00:00:00,23042.86,23158.25,22921.25,22999.62,23958.96974
2023-02-07 01:00:00,22998.82,23071.26,22952.2,23035.78,11751.15391
2023-02-07 02:00:00,23035.78,23076.66,22953.89,23018.13,10180.78989
2023-02-07 03:00:00,23018.7,23124.98,22980.59,23031.03,10603.33544
2023-02-07 04:00:00,23030.29,23032.13,22963.12,23005.84,8305.45518
2023-02-07 05:00:00,23004.61,23011.5,22901.0,22915.05,6265.70864
2023-02-07 06:00:00,22915.05,22926.13,22840.0,22879.37,6597.55092
2023-02-07 07:00:00,22879.93,22890.34,22638.0,22762.52,20214.82214
2023-02-07 08:00:00,22762.52,22826.03,22745.78,22795.13,8801.75203
2023-02-07 09:00:00,22795.72,22864.28,22791.0,22849.16,8022.85165
2023-02-07 10:00:00,22849.16,22889.61,22805.0,22883.71,7813.89331
2023-02-07 11:00:00,22883.71,22897.67,22850.62,22877.99,8858.87175
2023-02-07 12:00:00,22877.99,22928.39,22861.45,22870.35,9393.32703
2023-02-07 13:00:00,22870.94,22949.74,22864.37,22936.72,9214.80424
2023-02-07 14:00:00,22935.92,22986.71,22920.32,22927.38,9087.42768
2023-02-07 15:00:00,22926.9,22960.83,22888.11,22910.91,8803.79098
2023-02-07 16:00:00,22910.91,22921.27,22862.85,22872.67,11518.0275
2023-02-07 17:00:00,22872.95,23044.86,22871.12,23011.79,14412.03767
2023-02-07 18:00:00,23010.93,23064.56,22971.84,22983.51,10355.59969
2023-02-07 19:00:00,22984.04,23022.82,22965.01,22977.24,7994.32757
2023-02-07 20:00:00,22977.24,23035.74,22963.63,23023.67,9137.36063
2023-02-07 21:00:00,23023.67,23042.0,22938.13,22982.54,10668.26191
2023-02-07 22:00:00,22982.65,23018.46,22932.0,22976.86,16289.49692
2023-02-07 23:00:00,22976.85,22983.0,22876.35,22904.89,16337.23168
2023-02-08 00:00:00,22904.89,23026.96,22870.23,22977.98,13740.71938
2023-02-08 01:00:00,22977.98,23337.0,22890.01,23282.92,25799.10026
2023-02-08 02:00:00,23282.92,23350.25,22769.05,22932.28,35243.76976
2023-02-08 03:00:00,22931.98,23138.86,22921.88,23091.9,22331.90394
2023-02-08 04:00:00,23092.87,23250.0,23029.11,23194.36,17955.51864
2023-02-08 05:00:00,23194.36,23269.53,23176.8,23196.25,9742.12276
2023-02-08 06:00:00,23196.25,23309.29,23141.56,23228.69,8191.27787
2023-02-08 07:00:00,23228.15,23296.2,23228.09,23240.46,8293.24997
2023-02-08 08:00:00,23242.42,23361.64,23228.83,23326.4,12408.87974
2023-02-08 09:00:00,23326.4,23452.0,23279.16,23287.66,12873.32974
2023-02-08 10:00:00,23287.66,23309.18,23237.54,23244.6,7886.69919
2023-02-08 11:00:00,23244.6,23279.25,23225.19,23255.34,7136.86722
2023-02-08 12:00:00,23255.34,23287.3,23239.62,23246.71,6259.74854
2023-02-08 13:00:00,23246.71,23258.0,23183.17,23224.39,8773.64266
2023-02-08 14:00:00,23223.74,23236.9,23185.89,23198.27,8289.54152
2023-02-08 15:00:00,23198.83,23239.33,23184.05,23232.68,8080.45047
2023-02-08 16:00:00,23233.23,23239.44,23163.0,23205.96,10205.22956
2023-02-08 17:00:00,23206.4,23224.9,23175.81,23202.9,7943.32261
2023-02-08 18:00:00,23202.9,23205.78,23132.21,23159.81,8720.31032
2023-02-08 19:00:00,23160.16,23184.63,23136.1,23159.07,7564.94447
2023-02-08 20:00:00,23159.07,23199.58,23085.89,23123.44,9989.01405
2023-02-08 21:00:00,23122.88,23141.8,23043.72,23114.88,14233.65225
2023-02-08 22:00:00,23114.87,23132.36,22990.14,23051.91,19085.02888
2023-02-08 23:00:00,23050.6,23051.91,22857.0,22872.28,21859.7293
2023-02-09 00:00:00,22871.28,22971.52,22665.85,22966.3,29313.36098
2023-02-09 01:00:00,22965.01,23027.0,22908.25,23004.04,17183.52951
2023-02-09 02:00:00,23005.12,23042.95,22832.53,22893.03,14480.55237
2023-02-09 03:00:00,22893.96,22928.78,22821.75,22874.89,12030.23276
2023-02-09 04:00:00,22873.9,22912.6,22778.93,22829.87,13991.7443
2023-02-09 05:00:00,22829.87,22980.3,22818.37,22955.37,7376.47422
2023-02-09 06:00:00,22956.11,22975.57,22915.72,22928.75,4930.04931
2023-02-09 07:00:00,22929.28,22970.61,22873.6,22963.0,9439.9732
2023-02-09 08:00:00,22961.85,23011.39,22926.35,22980.64,9134.9064
2023-02-09 09:00:00,22980.12,22993.9,22933.6,22948.13,8455.99935
2023-02-09 10:00:00,22948.13,22956.92,22801.15,22806.76,11868.41416
2023-02-09 11:00:00,22806.76,22816.77,22424.48,22518.44,35694.84836
2023-02-09 12:00:00,22519.56,22611.56,22353.71,22568.57,17941.3507
2023-02-09 13:00:00,22569.04,22641.16,22533.84,22603.08,13270.02897
2023-02-09 14:00:00,22602.5,22733.54,22573.9,22719.25,12881.90877
2023-02-09 15:00:00,22719.22,22737.48,22645.05,22676.41,10982.31225
2023-02-09 16:00:00,22676.41,22770.0,22665.13,22720.65,12119.40295
2023-02-09 17:00:00,22720.65,22746.55,22680.0,22738.69,9807.02602
2023-02-09 18:00:00,22738.69,22741.2,22670.6,22698.53,9017.34275
2023-02-09 19:00:00,22698.9,22739.69,22663.32,22685.79,10752.55277
2023-02-09 20:00:00,22685.79,22782.0,22564.4,22705.5,19430.7884
2023-02-09 21:00:00,22706.09,22769.31,22683.74,22747.58,13556.80184
2023-02-09 22:00:00,22747.58,22831.41,22673.46,22694.29,21224.64317
2023-02-09 23:00:00,22693.22,22712.56,22556.32,22610.94,20137.17701
2023-02-10 00:00:00,22610.94,22623.41,22452.0,22511.8,21511.99931
2023-02-10 01:00:00,22510.24,22599.85,22450.0,22537.33,17452.72987
2023-02-10 02:00:00,22536.33,22600.0,22464.28,22514.75,15863.28998
2023-02-10 03:00:00,22514.75,22530.0,21881.0,22032.71,38223.20744
2023-02-10 04:00:00,22030.99,22084.46,21836.0,21994.21,25840.62285
2023-02-10 05:00:00,21994.21,22006.91,21695.0,21856.3,24122.89743
2023-02-10 06:00:00,21856.3,21955.14,21688.0,21767.53,11191.95406
2023-02-10 07:00:00,21767.53,21855.74,21743.0,21796.35,12412.49069
2023-02-10 08:00:00,21797.83,21880.18,21756.0,21824.09,13868.09593
2023-02-10 09:00:00,21824.09,21897.24,21795.07,21894.16,11047.60047
2023-02-10 10:00:00,21894.63,21938.16,21854.01,21917.77,9604.9873
2023-02-10 11:00:00,21918.73,21929.27,21818.18,21825.59,9582.60414
2023-02-10 12:00:00,21825.59,21833.28,21704.0,21786.08,13757.39463
2023-02-10 13:00:00,21786.07,21843.73,21622.4,21796.78,17695.90744
2023-02-10 14:00:00,21796.78,21880.0,21777.02,21874.73,11262.34817
2023-02-10 15:00:00,21874.73,21926.2,21829.01,21911.71,14333.86342
2023-02-10 16:00:00,21910.61,21926.91,21861.45,21889.38,13018.19575
2023-02-10 17:00:00,21888.75,21905.29,21811.71,21820.23,11981.47404
2023-02-10 18:00:00,21820.22,21855.47,21796.98,21849.38,11025.81374
2023-02-10 19:00:00,21850.24,21851.9,21713.96,21733.52,17449.72459
2023-02-10 20:00:00,21732.63,21791.5,21682.44,21718.48,15202.37969
2023-02-10 21:00:00,21719.29,21830.0,21711.76,21767.87,14161.55243
2023-02-10 22:00:00,21767.88,21890.0,21754.82,21841.55,20054.60321
2023-02-10 23:00:00,21841.31,21901.24,21520.0,21654.09,30270.85193
2023-02-11 00:00:00,21652.75,21744.18,21573.47,21607.11,20659.60531
2023-02-11 01:00:00,21607.09,21699.52,21558.13,21692.07,15639.44215
2023-02-11 02:00:00,21693.04,21738.56,21671.67,21703.9,10424.26016
2023-02-11 03:00:00,21703.91,21799.0,21663.25,21771.09,13108.66591
2023-02-11 04:00:00,21772.26,21790.92,21714.29,21724.4,9435.39071
2023-02-11 05:00:00,21725.39,21729.04,21451.0,21536.31,17310.39013
2023-02-11 06:00:00,21535.07,21639.84,21519.23,21571.19,8503.42168
2023-02-11 07:00:00,21570.6,21663.07,21551.42,21625.19,9193.36954
2023-02-11 08:00:00,21625.19,21691.63,21599.78,21657.62,10020.42535
2023-02-11 09:00:00,21658.6,21700.77,21611.53,21635.49,8537.60335
2023-02-11 10:00:00,21635.92,21680.0,21619.84,21652.2,6957.21056
2023-02-11 11:00:00,21652.2,21725.95,21646.82,21678.56,7882.20714
2023-02-11 12:00:00,21678.56,21693.86,21665.12,21686.79,6139.8224
2023-02-11 13:00:00,21686.79,21710.76,21668.81,21675.26,5893.31619
2023-02-11 14:00:00,21675.26,21682.12,21655.15,21669.73,6258.87103
2023-02-11 15:00:00,21669.73,21715.38,21640.03,21692.63,7831.1344
2023-02-11 16:00:00,21692.63,21705.0,21678.49,21687.29,7802.08987
2023-02-11 17:00:00,21686.95,21702.59,21674.92,21698.37,5860.1145
2023-02-11 18:00:00,21698.37,21702.42,21658.01,21670.32,7239.15713
2023-02-11 19:00:00,21670.5,21702.78,21664.62,21697.44,5779.71289
2023-02-11 20:00:00,21697.44,21777.54,21662.11,21713.77,11592.21317
2023-02-11 21:00:00,21713.77,21768.0,21695.32,21747.49,8078.66352
2023-02-11 22:00:00,21747.5,21756.98,21714.1,21751.04,7654.44892
2023-02-11 23:00:00,21751.04,21758.63,21718.21,21735.78,6005.11938
2023-02-12 00:00:00,21735.78,21737.89,21679.19,21693.14,6767.98873
2023-02-12 01:00:00,21693.48,21700.0,21663.26,21698.86,5603.42245
2023-02-12 02:00:00,21698.86,21731.49,21618.23,21654.03,8684.49347
2023-02-12 03:00:00,21654.43,21673.68,21645.63,21662.63,5438.65762
2023-02-12 04:00:00,21662.36,21717.14,21645.21,21671.38,6135.63566
2023-02-12 05:00:00,21671.83,21850.0,21661.59,21823.56,8911.43128
2023-02-12 06:00:00,21823.56,21878.99,21778.84,21824.52,7887.9632
2023-02-12 07:00:00,21824.52,21906.32,21809.25,21862.55,8059.88212
2023-02-12 08:00:00,21862.02,21890.16,21803.0,21816.37,7118.92695
2023-02-12 09:00:00,21816.37,21844.81,21785.17,21808.28,6348.99058
2023-02-12 10:00:00,21808.28,21821.31,21766.0,21816.22,6460.50512
2023-02-12 11:00:00,21815.61,21821.87,21778.32,21781.38,5822.50916
2023-02-12 12:00:00,21781.38,21790.79,21761.04,21782.97,6711.94657
2023-02-12 13:00:00,21782.97,21803.2,21772.19,21799.98,5613.42234
2023-02-12 14:00:00,21799.5,21817.15,21792.25,21809.62,6415.97712
2023-02-12 15:00:00,21809.77,21813.16,21795.79,21798.42,5986.83819
2023-02-12 16:00:00,21798.42,21852.97,21798.01,21804.89,7187.72568
2023-02-12 17:00:00,21804.89,21960.0,21801.14,21907.0,11022.62431
2023-02-12 18:00:00,21907.0,21922.06,21842.74,21880.47,8251.62194
2023-02-12 19:00:00,21880.03,21893.8,21859.35,21888.31,6123.24231
2023-02-12 20:00:00,21888.31,21897.12,21811.26,21821.6,9318.16374
2023-02-12 21:00:00,21820.7,21836.88,21756.04,21817.51,9299.30632
2023-02-12 22:00:00,21817.81,21995.6,21810.27,21923.78,12453.70458
2023-02-12 23:00:00,21923.78,21976.38,21882.69,21945.3,10566.50556
2023-02-13 00:00:00,21944.14,22090.0,21914.07,22004.65,16067.60052
2023-02-13 01:00:00,22004.65,22054.45,21966.19,21988.25,9002.57206
2023-02-13 02:00:00,21988.25,21993.67,21940.73,21971.86,6630.63281
2023-02-13 03:00:00,21972.02,22031.09,21920.0,21997.18,6466.46299
2023-02-13 04:00:00,21997.18,22028.78,21947.4,21968.06,5895.06648
2023-02-13 05:00:00,21968.4,21978.52,21703.29,21738.38,13107.37174
2023-02-13 06:00:00,21738.38,21829.88,21630.0,21794.52,12787.2938
2023-02-13 07:00:00,21794.52,21835.1,21725.0,21783.54,9776.64076
2023-02-13 08:00:00,21782.37,21876.43,21689.66,21811.28,12562.14811
2023-02-13 09:00:00,21810.45,21834.11,21653.0,21708.4,13456.87943
2023-02-13 10:00:00,21709.1,21765.17,21622.47,21758.01,11620.60519
2023-02-13 11:00:00,21758.39,21820.0,21746.83,21808.6,7368.87007
2023-02-13 12:00:00,21808.6,21865.57,21795.23,21838.38,8257.00116
2023-02-13 13:00:00,21838.38,21869.51,21820.25,21832.95,5705.54577
2023-02-13 14:00:00,21832.95,21852.7,21802.55,21823.04,5663.68922
2023-02-13 15:00:00,21823.82,21894.99,21792.86,21867.69,10301.53538
2023-02-13 16:00:00,21867.74,21874.97,21701.95,21720.67,16017.66869
2023-02-13 17:00:00,21722.0,21756.98,21480.0,21584.74,26678.99587
2023-02-13 18:00:00,21584.74,21650.0,21433.0,21594.16,17455.45535
2023-02-13 19:00:00,21594.16,21637.99,21568.17,21603.11,10877.92145
2023-02-13 20:00:00,21602.8,21701.34,21585.96,21657.47,11465.59888
2023-02-13 21:00:00,21658.15,21669.85,21568.0,21572.88,10660.28048
2023-02-13 22:00:00,21572.88,21687.95,21558.45,21669.64,16410.14194
2023-02-13 23:00:00,21669.65,21680.53,21556.0,21563.02,13132.71179
2023-02-14 00:00:00,21561.84,21645.59,21433.0,21503.76,17235.57793
2023-02-14 01:00:00,21504.46,21546.61,21351.07,21458.38,18428.79547
2023-02-14 02:00:00,21460.44,21678.0,21442.71,21634.6,16145.2425
2023-02-14 03:00:00,21634.63,21663.78,21534.07,21607.81,10993.89718
2023-02-14 04:00:00,21607.81,21672.99,21559.95,21662.68,10123.42074
2023-02-14 05:00:00,21663.57,21678.34,21583.4,21614.52,5941.75464
2023-02-14 06:00:00,21614.52,21679.36,21602.44,21640.37,4554.55331
2023-02-14 07:00:00,21641.27,21845.79,21633.08,21773.97,14672.47736
2023-02-14 08:00:00,21774.63,21816.62,21729.74,21737.95,9646.12927
2023-02-14 09:00:00,21737.96,21760.29,21677.47,21707.11,7616.47154
2023-02-14 10:00:00,21706.6,21740.74,21693.95,21716.23,7024.2271
2023-02-14 11:00:00,21716.23,21747.97,21690.55,21700.42,6943.92566
2023-02-14 12:00:00,21700.42,21739.72,21684.59,21704.95,6632.3666
2023-02-14 13:00:00,21704.95,21737.6,21697.86,21725.23,7671.12075
2023-02-14 14:00:00,21725.79,21767.98,21718.0,21744.02,8988.25854
2023-02-14 15:00:00,21744.01,21789.46,21736.51,21768.48,8441.84003
2023-02-14 16:00:00,21767.56,21772.86,21666.39,21694.92,10359.65647
2023-02-14 17:00:00,21694.92,21875.42,21680.85,21817.09,14892.52539
2023-02-14 18:00:00,21817.73,21839.97,21781.39,21809.49,11465.95374
2023-02-14 19:00:00,21809.49,21817.98,21774.45,21809.81,8236.31527
2023-02-14 20:00:00,21809.81,21897.0,21794.42,21859.32,10809.9213
2023-02-14 21:00:00,21859.32,21894.18,21532.77,21720.09,37097.17423
2023-02-14 22:00:00,21719.05,22260.0,21570.0,22247.39,43773.08619
2023-02-14 23:00:00,22247.39,22319.08,21859.9,22041.45,45153.38461
2023-02-15 00:00:00,22040.52,22135.75,21917.31,22008.36,26204.82709
2023-02-15 01:00:00,22009.21,22086.75,21996.05,22050.16,14957.5455
2023-02-15 02:00:00,22050.88,22179.6,22045.53,22114.15,18668.41775
2023-02-15 03:00:00,22114.95,22245.0,22064.48,22208.65,18063.47384
2023-02-15 04:00:00,22207.96,22258.94,22168.78,22252.94,13259.58879
2023-02-15 05:00:00,22250.47,22285.0,22122.7,22241.14,11904.11236
2023-02-15 06:00:00,22241.89,22250.0,22151.07,22187.69,5505.90019
2023-02-15 07:00:00,22188.07,22261.57,22167.0,22199.84,8642.17888
2023-02-15 08:00:00,22199.84,22200.88,22105.0,22149.74,10145.2916
2023-02-15 09:00:00,22150.21,22170.22,22094.34,22109.62,7725.38786
2023-02-15 10:00:00,22109.62,22128.2,22047.28,22072.85,8965.91913
2023-02-15 11:00:00,22072.24,22137.59,22067.96,22099.49,9523.85916
2023-02-15 12:00:00,22099.13,22118.0,22072.55,22084.9,7345.16821
2023-02-15 13:00:00,22084.34,22148.82,22082.56,22134.08,7953.24017
2023-02-15 14:00:00,22134.08,22158.42,22108.0,22117.68,7421.17604
2023-02-15 15:00:00,22118.05,22199.29,22098.0,22109.89,9570.66717
2023-02-15 16:00:00,22109.89,22131.63,22089.11,22094.02,9339.44065
2023-02-15 17:00:00,22094.62,22199.6,22089.78,22170.51,9401.02195
2023-02-15 18:00:00,22169.7,22257.91,22145.76,22234.96,11216.66047
2023-02-15 19:00:00,22234.74,22500.0,22222.81,22445.13,19307.58985
2023-02-15 20:00:00,22444.28,22916.98,22443.24,22772.21,34758.70162
2023-02-15 21:00:00,22772.21,22783.74,22666.0,22698.86,22402.02642
2023-02-15 22:00:00,22698.81,22797.88,22620.0,22684.47,21939.0695
2023-02-15 23:00:00,22685.6,22884.77,22661.66,22809.46,21677.93169
2023-02-16 00:00:00,22809.46,22943.17,22746.36,22763.1,13425.92247
2023-02-16 01:00:00,22763.1,22835.89,22745.03,22805.48,9537.4624
2023-02-16 02:00:00,22805.48,23052.99,22771.86,22973.86,17942.08681
2023-02-16 03:00:00,22974.54,23353.87,22945.54,23318.9,29312.61789
2023-02-16 04:00:00,23320.18,24300.0,23296.3,24145.04,39480.51668
2023-02-16 05:00:00,24146.6,24250.0,24009.7,24175.86,15713.25792
2023-02-16 06:00:00,24175.01,24380.0,24108.77,24151.6,17984.71556
2023-02-16 07:00:00,24150.26,24344.0,24148.0,24324.05,13579.42989
2023-02-16 08:00:00,24322.87,24905.0,24278.58,24583.17,27499.73717
2023-02-16 09:00:00,24584.4,24683.81,24560.96,24627.17,10886.35249
2023-02-16 10:00:00,24627.17,24744.75,24604.34,24687.88,10613.58212
2023-02-16 11:00:00,24687.88,24758.38,24655.22,24732.42,9850.47985
2023-02-16 12:00:00,24731.6,24756.35,24631.35,24634.15,11612.03387
2023-02-16 13:00:00,24633.46,24714.82,24602.0,24681.94,10195.62717
2023-02-16 14:00:00,24681.94,24734.37,24568.1,24586.08,11528.25852
2023-02-16 15:00:00,24583.9,24657.48,24430.12,24612.95,14715.29726
2023-02-16 16:00:00,24611.51,24664.49,24565.9,24580.34,10080.31578
2023-02-16 17:00:00,24579.25,24652.49,24557.11,24643.64,9612.64328
2023-02-16 18:00:00,24642.73,24659.0,24600.5,24617.72,8290.62461
2023-02-16 19:00:00,24617.2,24624.99,24509.07,24568.55,11501.28558
2023-02-16 20:00:00,24567.93,24609.72,24448.78,24585.55,11497.63605
2023-02-16 21:00:00,24585.54,24663.99,24355.0,24445.81,24847.25987
2023-02-16 22:00:00,24446.19,24497.96,24283.35,24423.8,27546.66503
2023-02-16 23:00:00,24423.8,25091.0,24381.14,25072.67,37902.91531
2023-02-17 00:00:00,25072.67,25250.0,24606.14,24898.43,56961.59426
2023-02-17 01:00:00,24897.39,24960.46,24766.0,24891.88,21734.922
2023-02-17 02:00:00,24891.88,25040.32,24855.0,24971.47,16987.63595
2023-02-17 03:00:00,24970.77,24998.68,24831.45,24872.58,13121.94001
2023-02-17 04:00:00,24872.58,24879.81,24447.47,24565.36,28521.56037
2023-02-17 05:00:00,24565.36,24578.58,24357.83,24537.04,15949.82928
2023-02-17 06:00:00,24538.38,24552.46,23966.2,23994.76,20742.1502
2023-02-17 07:00:00,23994.78,24096.7,23505.25,23517.72,27880.33763
2023-02-17 08:00:00,23517.72,23778.22,23339.37,23713.37,31282.73281
2023-02-17 09:00:00,23713.37,23880.0,23638.63,23849.87,15379.34959
2023-02-17 10:00:00,23849.87,23854.85,23751.85,23772.31,11831.98393
2023-02-17 11:00:00,23772.31,23914.58,23757.14,23838.64,10741.72608
2023-02-17 12:00:00,23838.64,23883.12,23722.61,23805.15,11299.23061
2023-02-17 13:00:00,23805.14,23812.29,23686.29,23707.55,9338.55867
2023-02-17 14:00:00,23708.43,23751.09,23612.0,23668.1,10371.84194
2023-02-17 15:00:00,23668.1,23786.11,23628.36,23637.04,12771.75222
2023-02-17 16:00:00,23635.84,23814.31,23532.69,23797.21,17757.41584
2023-02-17 17:00:00,23797.9,23861.78,23712.21,23743.22,15867.07568
2023-02-17 18:00:00,23743.01,23790.0,23672.62,23753.42,12383.20979
2023-02-17 19:00:00,23754.17,23842.02,23735.68,23789.82,12220.74874
2023-02-17 20:00:00,23789.12,23909.87,23766.62,23869.46,13034.68804
2023-02-17 21:00:00,23870.38,23888.96,23753.0,23782.23,13862.89414
2023-02-17 22:00:00,23783.12,24247.38,23710.0,23865.86,45917.88542
2023-02-17 23:00:00,23863.31,24280.0,23850.08,24130.5,45625.639
2023-02-18 00:00:00,24130.5,24332.75,23917.65,24091.21,35316.57039
2023-02-18 01:00:00,24091.21,24520.0,24084.84,24298.35,38963.57536
2023-02-18 02:00:00,24298.35,24416.65,24219.23,24360.66,20126.45396
2023-02-18 03:00:00,24360.66,24560.64,24237.26,24524.49,20792.32651
2023-02-18 04:00:00,24524.49,25021.11,24515.0,24820.92,39772.98539
2023-02-18 05:00:00,24820.92,24835.06,24405.88,24476.42,14519.73676
2023-02-18 06:00:00,24476.42,24737.84,24051.73,24679.14,25168.57642
