date,stock_id,Trading_Volume,Trading_money,open,max,min,close,spread,Trading_turnover,5ema,10ema,22ema,66ema,264ema
2022-09-08,3430,2851000,163132200,54.3,60.0,53.5,59.1,17.1,1643,,,,,
2022-09-12,3430,2203000,134453000,60.8,62.7,59.6,59.6,0.5,1508,,,,,
2022-09-13,3430,1868000,106932200,58.5,58.5,55.9,56.4,-3.2,1280,,,,,
2022-09-14,3430,1045000,59810000,55.1,58.4,55.0,58.0,1.6,664,,,,,
2022-09-15,3430,2141000,128401600,58.0,61.0,57.9,60.1,2.1,1288,58.64,,,,
2022-09-16,3430,2355000,150367600,61.0,66.1,60.8,66.1,6.0,1320,61.126666666666665,,,,
2022-09-19,3430,3991000,279067000,68.0,72.7,66.9,72.7,6.6,2679,64.98444444444445,,,,
2022-09-20,3430,2275000,162352900,72.0,73.3,69.6,72.0,-0.7,1748,67.32296296296296,,,,
2022-09-21,3430,1272000,89907500,72.3,72.3,69.8,69.8,-2.2,982,68.14864197530864,,,,
2022-09-22,3430,1833000,124447100,68.0,72.9,64.1,72.9,3.1,1378,69.7324279835391,64.66999999999999,,,
2022-09-23,3430,2168000,154450200,70.5,74.3,67.3,71.2,-1.7,1647,70.22161865569274,65.85727272727271,,,
2022-09-26,3430,1660000,110728300,68.1,69.5,64.1,64.9,-6.3,1198,68.44774577046182,65.68322314049585,,,
2022-09-27,3430,1528000,95662100,66.4,66.4,59.0,63.0,-1.9,1141,66.63183051364122,65.19536438767842,,,
2022-09-28,3430,1416000,83445000,62.0,62.1,56.7,56.7,-6.3,1019,63.32122034242748,63.6507526808278,,,
2022-09-29,3430,913000,52996800,58.0,59.3,56.9,57.0,0.3,616,61.214146894951654,62.44152492067729,,,
2022-09-30,3430,1621000,84395500,54.1,54.1,51.3,52.5,-4.5,1103,58.3094312633011,60.6339749350996,,,
2022-10-03,3430,715000,36056500,50.6,51.8,49.1,50.2,-2.3,540,55.6062875088674,58.73688858326331,,,
2022-10-04,3430,1289000,69391700,51.3,55.2,51.0,55.2,5.0,793,55.470858339244934,58.09381793176089,,,
2022-10-05,3430,1171000,63223400,54.3,55.5,53.1,53.2,-2.0,895,54.713905559496624,57.20403285325891,,,
2022-10-06,3430,568000,30364400,53.5,55.0,52.2,54.5,1.3,454,54.64260370633108,56.71239051630274,,,
2022-10-07,3430,267000,14334600,54.5,54.9,52.9,52.9,-1.6,220,54.06173580422072,56.019228604247694,,,
2022-10-11,3430,584000,28262850,50.0,51.7,47.65,47.9,-5.0,452,52.007823869480475,54.543005221657204,60.26818181818183,,
2022-10-12,3430,347000,16308400,48.3,48.4,45.9,46.6,-1.3,280,50.205215912986986,53.09882245408317,59.079644268774715,,
2022-10-13,3430,728000,31542650,46.95,46.95,41.95,42.05,-4.55,541,47.48681060865799,51.089945644249866,57.59880563670735,,
2022-10-14,3430,398000,17696300,43.65,45.75,43.3,44.4,2.35,298,46.457873739105324,49.87359189074989,56.45108340742845,,
2022-10-17,3430,215000,9188850,43.7,43.7,42.0,43.5,-0.9,155,45.471915826070216,48.71475700152264,55.324902241565105,,
2022-10-18,3430,189000,8312800,44.15,44.5,43.35,44.35,0.85,132,45.09794388404681,47.92116481942762,54.37056291621162,,
2022-10-19,3430,153000,6747100,44.3,44.7,43.3,43.3,-1.05,124,44.49862925603121,47.08095303407714,53.40790527132365,,
2022-10-20,3430,181000,7615700,42.9,42.9,41.7,42.2,-1.1,137,43.732419504020804,46.193507027881296,52.43330481294768,,
2022-10-21,3430,144000,6008700,41.5,42.5,41.15,41.2,-1.0,114,42.888279669347206,45.2855966591756,51.45649569877832,,
2022-10-24,3430,176000,7424900,42.0,42.85,41.7,41.85,0.65,135,42.54218644623147,44.66094272114368,50.62114824671064,,
2022-10-25,3430,140000,5783850,42.0,42.0,40.6,40.8,-1.05,111,41.96145763082098,43.95895313548119,49.767135355692325,,
2022-10-26,3430,147000,6008600,41.0,41.75,40.2,40.2,-0.6,99,41.37430508721399,43.275507110848245,48.93521054215386,,
2022-10-27,3430,602000,26009300,41.0,44.2,41.0,44.2,4.0,418,42.316203391475995,43.44359672705765,48.5234531037057,,
2022-10-28,3430,400000,17446300,42.9,44.8,42.8,43.65,-0.55,325,42.76080226098399,43.48112459486535,48.09967457294868,,
2022-10-31,3430,223000,9724650,44.6,44.6,43.2,43.2,-0.45,180,42.90720150732266,43.43001103216256,47.6736159144314,,
2022-11-01,3430,155000,6733150,43.0,44.15,42.9,43.75,0.55,127,43.18813433821511,43.48819084449664,47.33243192187215,,
2022-11-02,3430,176000,7779550,44.0,44.85,43.7,44.25,0.5,134,43.54208955881007,43.62670160004271,47.064394363448486,,
2022-11-03,3430,190000,8250050,43.2,43.75,43.1,43.6,-0.65,132,43.56139303920671,43.62184676367131,46.76314267967036,,
2022-11-04,3430,641000,29924700,43.6,47.95,43.55,47.95,4.35,467,45.02426202613781,44.40878371573107,46.86634766404685,,
2022-11-07,3430,463000,21805950,46.7,47.6,46.6,47.1,-0.85,330,45.716174684091875,44.89809576741633,46.88666525847756,,
2022-11-08,3430,312000,14867800,47.15,48.4,47.1,47.2,0.1,239,46.21078312272792,45.31662380970427,46.91391175774038,,
2022-11-09,3430,266000,12744400,47.95,48.5,47.3,47.8,0.6,224,46.74052208181861,45.7681467533944,46.99096290924122,,
2022-11-10,3430,224000,10364450,46.4,47.1,45.7,46.0,-1.8,174,46.49368138787907,45.810301889140874,46.90479222148111,,
2022-11-11,3430,273000,12727000,47.05,47.5,46.0,46.0,0.0,199,46.32912092525272,45.84479245475163,46.826114637004494,,
2022-11-14,3430,626000,30392050,47.5,49.55,47.45,49.3,3.3,491,47.319413950168475,46.47301200843315,47.04123510335193,,
2022-11-15,3430,346000,16801250,49.7,49.75,47.95,48.25,-1.05,245,47.629609300112314,46.796100734172576,47.146345094364804,,
2022-11-16,3430,161000,7734150,48.4,48.5,47.25,48.3,0.05,141,47.85307286674154,47.069536964323014,47.24666291224612,,
2022-11-17,3430,208000,10150350,48.3,49.1,48.3,48.75,0.45,158,48.15204857782769,47.37507569808247,47.377387876398636,,
2022-11-18,3430,147000,7160500,49.15,49.25,48.4,48.5,-0.25,109,48.26803238521846,47.579607389340204,47.475006321929186,,
2022-11-21,3430,115000,5606450,48.5,49.0,48.45,48.6,0.1,102,48.37868825681231,47.76513331855108,47.572831859152735,,
2022-11-22,3430,140000,6828400,48.8,49.15,48.5,48.6,0.0,115,48.45245883787487,47.916927260632704,47.66215082792206,,
2022-11-23,3430,183000,8933350,49.1,49.35,48.6,48.65,0.05,132,48.51830589191658,48.05021321324494,47.74805075592884,,
2022-11-24,3430,308000,15247750,48.95,50.0,48.7,50.0,1.35,231,49.01220392794439,48.40471990174586,47.943872429326326,,
2022-11-25,3430,237000,11583250,50.0,50.0,48.4,48.45,-1.55,181,48.8248026186296,48.41295264688297,47.98788352242838,,
2022-11-28,3430,188000,8949250,47.6,48.3,47.25,47.85,-0.6,146,48.49986841241973,48.31059762017698,47.97589365091287,,
2022-11-29,3430,112000,5338650,47.95,48.15,47.25,47.75,-0.1,94,48.24991227494649,48.2086707801448,47.95625072474654,,
2022-11-30,3430,194000,9520500,47.75,49.6,47.75,49.1,1.35,161,48.53327484996433,48.370730638300294,48.05570718346423,,
2022-12-01,3430,275000,13644200,49.55,50.0,49.1,49.6,0.5,223,48.88884989997622,48.59423415860933,48.1899935153369,,
2022-12-02,3430,162000,7984700,49.65,49.7,49.0,49.3,-0.3,136,49.02589993331748,48.72255522068036,48.286515818351084,,
2022-12-05,3430,537000,27476350,49.6,51.8,49.6,51.7,2.4,385,49.917266622211656,49.2639088169203,48.58334052979882,,
2022-12-06,3430,424000,21257800,51.0,51.3,49.5,49.55,-2.15,339,49.79484441480777,49.31592539566206,48.6673978750337,,
2022-12-07,3430,214000,10492800,49.05,49.8,48.35,48.8,-0.75,182,49.463229609871846,49.22212077826896,48.678928494595986,,
2022-12-08,3430,166000,8016100,48.8,48.8,48.0,48.6,-0.2,126,49.17548640658123,49.10900790949278,48.67206514723981,,
2022-12-09,3430,114000,5533750,48.65,48.8,48.15,48.5,-0.1,87,48.95032427105415,48.99827919867591,48.65710296052331,,
2022-12-12,3430,148000,7133800,48.6,48.6,47.6,48.0,-0.5,108,48.6335495140361,48.81677388982575,48.59996357265172,51.01818181818182,
2022-12-13,3430,159000,7613300,48.1,48.4,47.6,47.6,-0.4,114,48.2890330093574,48.59554227349379,48.51301021850809,50.91614654002714,
2022-12-14,3430,228000,10754900,47.7,47.7,46.85,47.3,-0.3,162,47.959355339571594,48.35998913285856,48.407531069072604,50.80820186719051,
2022-12-15,3430,111000,5258050,47.3,47.75,47.1,47.4,0.1,88,47.77290355971439,48.185445654157,48.319919671761944,50.706464498020644,
2022-12-16,3430,146000,6771850,46.9,46.9,46.2,46.25,-1.15,124,47.265269039809596,47.83354644431027,48.13992665682612,50.57343570703495,
2022-12-19,3430,79000,3602750,45.45,46.0,45.45,45.55,-0.7,66,46.693512693206394,47.418356181708404,47.91471564318906,50.42348240234734,
2022-12-20,3430,146000,6571950,45.7,46.0,44.05,44.15,-1.4,106,45.84567512880426,46.824109603215966,47.58734906552045,50.236214270933985,
2022-12-21,3430,135000,5991050,44.3,45.0,44.05,44.05,-0.1,94,45.24711675253617,46.31972603899488,47.27975349460563,50.05155115836879,
2022-12-22,3430,98000,4335200,44.95,44.95,44.1,44.1,0.05,85,44.86474450169078,45.916139486450355,47.00325319072688,49.873892914835395,
2022-12-23,3430,192000,8328300,43.9,43.95,42.9,43.55,-0.55,142,44.426496334460516,45.485932307095744,46.702970304576716,49.68511999200449,
2022-12-26,3430,188000,8254950,43.65,44.4,43.3,44.15,0.6,137,44.33433088964034,45.24303552398743,46.480972886787434,49.51989252955659,
2022-12-27,3430,151000,6720950,44.3,44.8,44.2,44.4,0.25,88,44.35622059309356,45.0897563378079,46.30001872271896,49.36705991673401,
2022-12-28,3430,141000,6123050,44.3,44.3,43.0,43.05,-1.35,115,43.92081372872904,44.718891549115554,46.01740839900427,49.17849096399568,
2022-12-29,3430,132000,5594550,42.95,42.95,42.2,42.4,-0.65,102,43.41387581915269,44.297274903821815,45.70285114691694,48.97614795014506,
2022-12-30,3430,120000,5102650,43.25,43.25,42.4,42.45,0.05,80,43.09258387943513,43.96140673949058,45.4199945254459,48.781337563573565,
2023-01-03,3430,84000,3591300,42.6,43.1,42.5,42.75,0.3,70,42.97838925295675,43.741150968674106,45.187821088450605,48.60129763630271,
2023-01-04,3430,122000,5342150,42.85,44.15,42.85,44.05,1.3,104,43.3355928353045,43.79730533800608,45.088880124237505,48.4654380053683,
2023-01-05,3430,80000,3515650,44.2,44.3,43.65,43.95,-0.1,65,43.540395223536336,43.82506800382316,44.989847069955985,48.3306488111782,
2023-01-06,3430,71000,3111550,43.7,44.0,43.7,43.75,-0.2,58,43.61026348235756,43.811419275855314,44.88203428126416,48.193913025769895,
2023-01-09,3430,102000,4523000,43.8,44.6,43.8,44.2,0.45,85,43.80684232157171,43.882070316608896,44.82272695245858,48.074691741418555,
2023-01-10,3430,122000,5392350,43.8,44.5,43.8,43.95,-0.25,69,43.854561547714475,43.89442116813455,44.74683765224479,47.951566614809046,
2023-01-11,3430,55000,2419650,43.6,44.5,43.6,44.0,0.05,45,43.90304103180965,43.913617319382816,44.68189524770177,47.83360940242669,
2023-01-12,3430,173000,7716900,44.3,45.25,44.0,44.8,0.8,131,44.202027354539766,44.074777806767756,44.69216522616248,47.743053897876635,
2023-01-13,3430,145000,6562200,45.3,45.7,44.65,45.45,0.65,118,44.618018236359845,44.324818205537255,44.75806390214835,47.67460452779076,
2023-01-16,3430,132000,5947400,45.4,45.4,44.95,44.95,-0.5,67,44.7286788242399,44.4384876227123,44.774753997613715,47.59327304934925,
2023-01-17,3430,158000,7109050,44.7,45.3,44.7,45.15,0.2,76,44.86911921615993,44.56785350949188,44.80738408477774,47.520339525488076,
2023-01-30,3430,165000,7493050,45.7,45.8,45.05,45.2,0.05,94,44.97941281077329,44.68278923503881,44.84152459914489,47.4510756590556,
2023-01-31,3430,73000,3334500,44.6,46.1,44.6,45.7,0.5,61,45.21960854051553,44.867736646849934,44.916174634001855,47.398804743859905,
2023-02-01,3430,209000,9642100,45.7,46.55,45.7,46.5,0.8,122,45.64640569367702,45.164511801968125,45.05389857887126,47.37197475150588,
2023-02-02,3430,131000,6155950,46.5,47.25,46.5,47.2,0.7,106,46.16427046245135,45.53460056524665,45.24051609375202,47.366841176834065,
2023-02-03,3430,82000,3854050,46.95,47.15,46.85,47.0,-0.2,56,46.442846974967566,45.801036826110895,45.39351469429533,47.35589069394349,
2023-02-06,3430,203000,9405200,46.25,46.55,45.9,46.1,-0.9,91,46.328564649978375,45.855393766818004,45.45494819913921,47.31840141949742,
2023-02-07,3430,120000,5587300,46.05,47.2,46.05,47.1,1.0,96,46.58570976665225,46.08168580921473,45.59799618182276,47.31188197413929,
2023-02-08,3430,269000,12720250,47.4,47.6,47.0,47.45,0.35,126,46.8738065111015,46.33047020753933,45.75903999209904,47.31600490028438,
2023-02-09,3430,135000,6391450,47.15,47.65,47.0,47.5,0.05,90,47.082537674067666,46.54311198798672,45.91042781887304,47.32149729132067,
2023-02-10,3430,123000,5783950,47.35,47.5,46.6,47.0,-0.5,84,47.05502511604511,46.626182535625496,46.00517322592756,47.311900357251396,
2023-02-13,3430,179000,8181050,45.7,46.25,45.3,46.2,-0.8,133,46.77001674403007,46.548694801875406,46.02211468454255,47.278709301811055,
2023-02-14,3430,130000,6026750,46.25,46.85,46.0,46.2,0.0,96,46.580011162686716,46.48529574698897,46.0375829728432,47.246509024145055,
2023-02-15,3430,75000,3439200,46.2,46.4,45.3,45.95,-0.25,64,46.370007441791145,46.387969247536425,46.02996706216118,47.207807262230276,
2023-02-16,3430,77000,3536350,46.25,46.25,45.65,45.95,0.0,58,46.2300049611941,46.308338475257074,46.023013404581945,47.17026077679056,
2023-02-17,3430,68000,3101900,45.95,45.95,45.45,45.8,-0.15,57,46.0866699741294,46.215913297937604,46.0036209346183,47.12935747002069,
2023-02-20,3430,91000,4160350,45.55,46.0,45.5,45.8,0.0,66,45.99111331608626,46.140292698312585,45.98591476639062,47.08967515748276,
2023-02-21,3430,251000,11782050,45.95,47.7,45.75,47.7,1.9,197,46.56074221072418,46.42387584407393,46.1349656562697,47.1078938094982,
2023-02-22,3430,379000,18178600,47.5,48.5,46.95,48.5,0.8,279,47.20716147381612,46.801352963333215,46.340620816594075,47.1494492181699,
2023-02-23,3430,212000,10258350,48.5,48.65,48.1,48.3,-0.2,150,47.57144098254408,47.07383424272717,46.51100161515111,47.18379401762751,
2023-02-24,3430,193000,9200200,48.4,48.4,47.35,47.6,-0.7,152,47.580960655029386,47.16950074404951,46.6056971268771,47.19621807680281,
2023-03-01,3430,111000,5274950,47.3,47.85,47.2,47.85,0.25,83,47.670640436686256,47.29322788149505,46.713897376713874,47.215733955107204,
2023-03-02,3430,316000,15430250,47.85,49.35,47.85,49.0,1.15,233,48.11376029112417,47.603550084859585,46.91268890917354,47.26899562808908,
2023-03-03,3430,228000,11127800,48.65,49.3,48.6,48.75,-0.25,148,48.32584019408278,47.81199552397602,47.07245509098453,47.31320471381776,
2023-03-06,3430,147000,7183300,48.8,49.1,48.65,48.65,-0.1,103,48.433893462721855,47.9643599741622,47.209632909159794,47.35310905071872,
2023-03-07,3430,106000,5142600,48.25,48.75,48.25,48.5,-0.15,92,48.455928975147906,48.06174906976907,47.321838743145896,47.38734460144354,
2023-03-08,3430,102000,4913950,48.05,48.8,48.0,48.15,-0.35,86,48.353952650098606,48.07779469344742,47.393852765481036,47.410110434236266,
2023-03-09,3430,106000,5094950,48.1,48.35,47.8,47.8,-0.35,84,48.1693017667324,48.027286567366076,47.42916991630877,47.421748928736676,
2023-03-10,3430,220000,10321100,47.35,47.4,46.45,46.8,-1.0,166,47.712867844488265,47.8041435551177,47.37445948880366,47.403189259222145,
2023-03-13,3430,99000,4568750,45.7,46.5,45.7,46.2,-0.6,83,47.20857856299218,47.51248109055084,47.272332576733774,47.367273161931934,
2023-03-14,3430,109000,5100200,46.3,47.15,46.2,46.7,0.5,82,47.03905237532812,47.36475725590523,47.222564526583014,47.34735456008322,
2023-03-15,3430,110000,5151800,47.45,47.45,46.25,46.3,-0.4,83,46.79270158355208,47.17116502755883,47.142341524271444,47.31609024485685,
2023-03-16,3430,120000,5523650,45.75,46.55,45.7,45.8,-0.5,89,46.461801055701386,46.9218622952754,47.02561617433479,47.27083381963725,
2023-03-17,3430,94000,4372250,46.05,47.0,46.05,47.0,1.2,61,46.641200703800926,46.93606915067988,47.02338868091438,47.262749228006285,
2023-03-20,3430,305000,14772700,47.7,49.3,47.4,48.65,1.65,250,47.310800469200615,47.24769294146535,47.164833143443566,47.304159698812065,
2023-03-21,3430,151000,7336350,48.65,48.95,48.2,48.55,-0.1,118,47.723866979467076,47.484476043017104,47.28528243531804,47.341348961534095,
2023-03-22,3430,365000,17912800,48.55,49.55,48.55,48.75,0.2,266,48.06591131964472,47.71457130792309,47.41264918007299,47.38339824626442,
2023-03-23,3430,613000,30653950,48.9,50.8,48.9,50.0,1.25,420,48.71060754642981,48.13010379739162,47.63763620789273,47.461505761301304,
2023-03-24,3430,439000,22075550,50.5,51.0,49.8,50.1,0.1,315,49.17373836428654,48.488266743320416,47.851754798510754,47.54026678335201,
2023-03-27,3430,387000,19109850,49.9,50.0,48.6,49.0,-1.1,236,49.11582557619103,48.581309153625796,47.9516022073359,47.5838409092221,
2023-03-28,3430,124000,6047500,49.0,49.15,48.4,49.0,0.0,100,49.07721705079402,48.65743476205747,48.04276723278495,47.62611431491696,
2023-03-29,3430,163000,7969450,49.0,49.15,48.55,48.8,-0.2,97,48.98481136719601,48.68335571441066,48.10861356036887,47.661155678650786,
2023-03-30,3430,144000,7113800,49.8,49.8,49.0,49.6,0.8,102,49.18987424479734,48.85001831179054,48.2382993377281,47.719031628541806,
2023-03-31,3430,2054000,110308500,49.75,54.5,49.7,54.5,4.9,976,50.95991616319822,49.87728770964681,48.78279504749087,47.92144859485399,
2023-04-06,3430,4038000,228583600,56.1,58.9,53.8,54.0,-0.5,2740,51.97327744213215,50.6268717624383,49.23646504336123,48.102897890529995,
2023-04-07,3430,1024000,55299800,54.3,55.1,52.5,53.7,-0.3,697,52.5488516280881,51.18562235108588,49.62459851785156,48.269975565439545,
2023-04-10,3430,526000,28205300,54.5,54.5,53.2,53.3,-0.4,376,52.7992344187254,51.57005465088845,49.94419864673403,48.420125548560755,
2023-04-11,3430,1110000,57287400,53.0,53.0,50.5,50.6,-2.7,749,52.06615627915026,51.393681077999645,50.001224851365855,48.485196427708196,
2023-04-12,3430,449000,22844500,51.3,51.5,50.1,51.0,0.4,329,51.71077085276684,51.322102700181524,50.08807486429056,48.56026519106019,
2023-04-13,3430,328000,16586400,50.8,51.1,50.2,50.4,-0.6,251,51.2738472351779,51.154447663784886,50.11519878913486,48.615182648043465,
2023-04-14,3430,401000,20412800,50.8,51.7,50.1,51.0,0.6,286,51.18256482345193,51.12636627036945,50.19213802486226,48.686371225713806,
2023-04-17,3430,253000,12916600,51.5,51.6,50.5,51.0,0.0,202,51.12170988230129,51.10339058484773,50.26238689226554,48.75543477121489,
2023-04-18,3430,359000,18550600,51.1,52.4,50.8,51.5,0.5,261,51.24780658820086,51.17550138760269,50.37000542337288,48.83736209147713,
2023-04-19,3430,289000,14908100,51.9,52.1,51.0,51.1,-0.4,193,51.19853772546724,51.16177386258401,50.4334832126448,48.90490352158229,
2023-04-20,3430,271000,13663150,51.5,51.5,49.8,49.9,-1.2,202,50.76569181697816,50.932360433023284,50.38709336806699,48.93460789407237,
2023-04-21,3430,360000,17617950,49.95,50.3,48.2,48.2,-1.7,255,49.910461211318776,50.435567627019054,50.19691133606117,48.912679300219466,
2023-04-24,3430,284000,13973050,48.2,50.0,48.0,48.65,0.45,214,49.490307474212514,50.11091896756104,50.06239730683846,48.904838127078584,
2023-04-25,3430,208000,10034700,49.0,49.2,47.6,48.0,-0.65,166,48.993538316141674,49.72711551891358,49.88305841059164,48.87782803373295,
2023-04-26,3430,124000,5934500,47.8,48.65,47.05,48.35,0.35,90,48.77902554409445,49.47673087911111,49.74974898358367,48.862071973024506,
2023-04-27,3430,3003000,156462750,48.7,53.1,48.7,51.7,3.35,1513,49.75268369606297,49.880961628363636,49.91933602848944,48.94678624248646,
2023-04-28,3430,1109000,56843200,51.6,52.0,50.7,51.0,-0.7,741,50.16845579737531,50.08442315047934,50.01330680862079,49.008076205397316,
2023-05-02,3430,257000,13011900,51.2,51.2,50.4,50.6,-0.4,199,50.31230386491687,50.17816439584673,50.06432360787116,49.05559631866904,
2023-05-03,3430,176000,8851300,50.5,50.6,50.1,50.3,-0.3,125,50.308202576611244,50.200316323874596,50.08481720718671,49.09274269721623,
2023-05-04,3430,238000,11884400,50.1,50.5,49.7,49.9,-0.4,183,50.172135051074164,50.1457133558974,50.06874614569222,49.11683993013515,
2023-05-05,3430,171000,8511700,50.5,50.5,49.55,49.55,-0.35,135,49.96475670071611,50.037401836643326,50.02363778519724,49.1297700814744,
2023-05-08,3430,178000,8784050,49.9,49.9,49.1,49.1,-0.45,121,49.67650446714407,49.866965139071816,49.94332145604965,49.12888142232591,
2023-05-09,3430,193000,9393200,49.25,49.25,48.45,48.5,-0.6,144,49.28433631142938,49.61842602287694,49.817815242480116,49.110108842554986,
2023-05-10,3430,75000,3639050,48.45,48.9,48.35,48.5,0.0,51,49.022890874286254,49.41507583689931,49.703222612699236,49.091896638299616,
2023-05-11,3430,582000,26953700,47.0,47.5,45.65,45.7,-2.8,386,47.915260582857506,48.73960750291762,49.35511629855148,48.99064599238022,
2023-05-12,3430,82000,3746650,45.2,46.0,45.2,45.7,0.0,62,47.17684038857167,48.186951593296236,49.037280098677435,48.89241775380171,
2023-05-15,3430,54000,2475800,45.7,46.2,45.35,46.0,0.3,46,46.78456025904778,47.78932403087874,48.773168785748965,48.80607692533002,
2023-05-16,3430,72000,3351900,46.3,46.8,46.25,46.35,0.35,53,46.63970683936519,47.52762875253715,48.5624584565534,48.73276119621569,
2023-05-17,3430,112000,5176700,46.6,46.65,46.0,46.1,-0.25,82,46.459804559576796,47.26805988843948,48.34833163424441,48.654171309761495,
2023-05-18,3430,78000,3612650,46.35,46.55,46.05,46.55,0.45,58,46.48986970638453,47.13750354508685,48.19195497039707,48.59136022588802,
2023-05-19,3430,99000,4592550,46.8,46.8,46.3,46.35,-0.2,58,46.44324647092302,46.99432108234379,48.03178497297124,48.52445395048837,
2023-05-22,3430,55000,2550600,46.25,46.6,46.25,46.4,0.05,47,46.428830980615345,46.886262703735824,47.889890627495475,48.4610374146529,
2023-05-23,3430,54000,2515800,46.2,46.8,46.2,46.75,0.35,45,46.53588732041023,46.861487666692945,47.790769703365434,48.40996167093192,
2023-05-24,3430,42000,1957400,46.4,47.1,46.25,46.7,-0.05,37,46.59059154694015,46.83212627274877,47.695920163942354,48.3589180389638,
2023-05-25,3430,64000,2980800,46.9,46.9,46.5,46.5,-0.2,52,46.56039436462677,46.77173967770354,47.59192710620824,48.30342794824846,
2023-05-26,3430,130000,6057450,46.7,46.85,46.45,46.75,0.25,81,46.62359624308451,46.76778700903017,47.51871605349448,48.25705696471866,
2023-05-29,3430,146000,6851500,47.0,47.5,46.6,46.75,0.0,93,46.66573082872301,46.76455300738832,47.45187117927757,48.21207018965243,
2023-05-30,3430,72000,3347700,46.9,46.9,46.35,46.5,-0.25,46,46.61048721914867,46.716452460590446,47.36909977238387,48.16096361682698,
2023-05-31,3430,74000,3417800,46.7,46.7,46.05,46.25,-0.25,55,46.490324812765785,46.631642922301275,47.27178674869832,48.10391992677245,
2023-06-01,3430,44000,2039050,46.25,46.7,46.15,46.5,0.25,38,46.49354987517719,46.60770784551922,47.20467485750716,48.05604172000312,
2023-06-02,3430,41000,1916400,46.9,46.9,46.5,46.6,0.1,36,46.529033250118125,46.606306419061184,47.15209443511523,48.01257778806273,
2023-06-05,3430,143000,6671500,46.8,47.4,46.15,47.4,0.8,100,46.81935550007875,46.75061434286824,47.17365144075738,47.99429188394145,
2023-06-06,3430,84000,3999800,47.5,48.1,47.15,47.5,0.1,67,47.0462370000525,46.88686628052856,47.2020295763437,47.979536902331255,
2023-06-07,3430,46000,2186850,47.7,47.7,47.1,47.4,-0.1,43,47.164158000035,46.98016332043245,47.219244395792074,47.962237293306444,
2023-06-08,3430,56000,2634250,46.75,47.4,46.75,47.0,-0.4,43,47.109438666690004,46.98376998944473,47.2001796657232,47.93351379201371,
2023-06-09,3430,64000,3005650,47.0,47.2,46.7,46.9,-0.1,46,47.03962577779333,46.96853908227296,47.174077086095096,47.90266263404315,
2023-06-12,3430,69000,3236350,46.8,47.1,46.8,46.85,-0.05,43,46.97641718519556,46.9469865218597,47.14589646991291,47.87123986884784,
2023-06-13,3430,120000,5699550,47.15,47.8,47.15,47.6,0.75,90,47.184278123463706,47.06571624515794,47.185383733398744,47.86314315634492,
2023-06-14,3430,53000,2522600,47.35,47.8,47.35,47.6,0.0,45,47.32285208230914,47.16285874603831,47.22143732179885,47.855288136752534,
2023-06-15,3430,194000,9407350,47.9,48.9,47.9,48.65,1.05,151,47.76523472153943,47.433248064940436,47.34566016338156,47.87901087893903,
2023-06-16,3430,261000,12838950,48.9,49.7,48.7,49.4,0.75,186,48.31015648102628,47.790839325860354,47.52429841004403,47.9244135392692,
2023-06-19,3430,634000,32377200,49.65,52.4,49.5,50.5,1.1,472,49.040104320684186,48.283413993885745,47.783055070040206,48.00129671720146,
2023-06-20,3430,225000,11452200,50.7,51.5,50.5,50.6,0.1,166,49.560069547122794,48.70461144954288,48.02800680308019,48.078869949523806,
2023-06-21,3430,167000,8470200,51.0,51.0,50.2,50.7,0.1,121,49.94004636474853,49.06740936780781,48.26035403759496,48.15711263759772,
2023-06-26,3430,223000,11156250,50.5,51.0,49.65,49.85,-0.85,131,49.91003090983236,49.20969857366094,48.398584121282354,48.207646588714205,
2023-06-27,3430,196000,9789250,49.65,50.3,49.65,50.0,0.15,132,49.9400206065549,49.35338974208622,48.537837675953455,48.261149675618256,
2023-06-28,3430,282000,14136250,50.3,50.4,49.9,50.1,0.1,158,49.9933470710366,49.489137061706906,48.67367787804446,48.31604073007741,
2023-06-29,3430,126000,6009000,47.5,48.2,47.5,47.6,0.0,106,49.1955647140244,49.14565759594201,48.58031458430146,48.29466637992584,
2023-06-30,3430,269000,13218950,48.1,50.0,47.65,49.0,1.4,213,49.13037647601627,49.11917439667983,48.61680896827525,48.31572111485343,
2023-07-03,3430,142000,6897300,49.4,49.4,48.2,48.25,-0.75,119,48.83691765067751,48.96114268819259,48.584912536251316,48.31375929052945,
2023-07-04,3430,137000,6532550,48.25,48.25,47.3,47.3,-0.95,95,48.32461176711834,48.65911674488484,48.4731810113599,48.28349781917036,
2023-07-05,3430,64000,3065650,47.35,48.4,47.3,47.95,0.65,52,48.199741178078895,48.530186427633055,48.42768701037208,48.273542660389154,
2023-07-06,3430,76000,3625900,48.0,48.3,47.5,47.8,-0.15,47,48.06649411871926,48.3974252589725,48.37310553120929,48.25940705858649,
2023-07-07,3430,120000,5641550,47.9,47.9,46.6,47.05,-0.75,83,47.72766274581284,48.15243884825023,48.25805287632153,48.223305355345104,
2023-07-10,3430,106000,4966450,47.5,47.5,46.35,46.55,-0.5,64,47.33510849720856,47.86108633038655,48.10952653925009,48.17335594175271,
2023-07-11,3430,121000,5639900,47.0,47.2,46.15,46.8,0.25,81,47.15673899813904,47.66816154304354,47.99565466627182,48.132360241998896,
2023-07-12,3430,101000,4709500,47.7,47.7,46.2,46.4,-0.4,65,46.90449266542603,47.43758671703562,47.85690208659601,48.08064799596908,
2023-07-13,3430,62000,2874700,46.8,46.8,46.15,46.15,-0.25,47,46.65299511028402,47.203480041210966,47.708475818196355,48.023016712507314,
2023-07-14,3430,61000,2816000,46.15,46.6,46.0,46.1,-0.05,46,46.46866340685601,47.00284730644534,47.5686083557445,47.965613228551874,
2023-07-17,3430,26000,1220850,47.3,47.3,46.55,46.8,0.7,20,46.579108937904,46.96596597800073,47.50177284654933,47.93081880381898,
2023-07-18,3430,140000,6463450,46.8,46.8,45.9,46.3,-0.5,89,46.48607262526934,46.84488125472787,47.39727085989286,47.88213764549602,
2023-07-19,3430,80000,3711600,46.3,46.7,46.05,46.6,0.3,60,46.52404841684623,46.800357390231895,47.32794295903261,47.84386487995883,
2023-07-20,3430,1072000,53296100,46.95,51.0,46.95,49.3,2.7,651,47.44936561123082,47.25483786473519,47.499426179986294,47.887331599960056,
2023-07-21,3430,232000,11541350,49.25,50.4,49.0,49.9,0.6,189,48.26624374082054,47.73577643478333,47.7081717295527,47.94741125369259,
2023-07-24,3430,345000,16512950,50.2,50.2,47.15,47.45,-2.45,243,47.99416249388036,47.68381708300455,47.685722013939426,47.93256315656744,
2023-07-25,3430,161000,7599800,47.45,47.5,47.0,47.1,-0.35,114,47.696108329253576,47.57766852245827,47.63478966490121,47.907710525028115,
2023-07-26,3430,64000,3009150,47.1,47.1,46.85,47.0,-0.1,55,47.464072219502384,47.47263788201131,47.57959056360546,47.88061468846011,
2023-07-27,3430,91000,4261950,47.0,47.0,46.6,46.9,-0.1,67,47.27604814633492,47.3685219034638,47.520495731987594,47.851342608207574,
2023-07-28,3430,60000,2825350,47.5,47.5,46.9,46.9,0.0,51,47.15069876422328,47.28333610283402,47.466539581379976,47.822944321395404,
2023-07-31,3430,92000,4321150,47.1,47.1,46.7,46.85,-0.05,69,47.05046584281552,47.204547720500564,47.412927443868675,47.7939012073239,
2023-08-01,3430,67000,3145850,47.4,47.4,46.8,46.95,0.1,46,47.01697722854368,47.15826631677319,47.37267288353227,47.76871012650826,
2023-08-02,3430,90000,4224150,47.1,47.2,46.8,46.8,-0.15,73,46.944651485695786,47.09312698645079,47.32287524148598,47.739793406313986,
2023-08-04,3430,32000,1499400,46.75,47.05,46.6,47.05,0.25,26,46.97976765713052,47.08528571618701,47.29914695961764,47.719202558364316,
2023-08-07,3430,63000,2953250,47.0,47.0,46.75,46.85,-0.2,36,46.93651177142035,47.0425064950621,47.26009070225958,47.693256213338515,
2023-08-08,3430,29000,1359800,47.6,47.6,46.8,46.85,0.0,22,46.90767451428023,47.00750531414172,47.22443064119353,47.66808438607468,
2023-08-09,3430,61000,2845250,46.7,46.85,46.5,46.8,-0.05,54,46.87178300952015,46.969777075206856,47.18752362891583,47.64217141932618,
2023-08-10,3430,124000,5675250,46.3,46.6,45.4,45.7,-1.1,91,46.481188673013435,46.73890851607834,47.05817374814054,47.58419615307764,
2023-08-11,3430,59000,2686550,45.65,45.7,45.25,45.35,-0.35,46,46.10412578200896,46.48637969497319,46.909636900476144,47.51750373059771,
2023-08-14,3430,59000,2643250,45.85,45.85,44.1,45.2,-0.15,44,45.802750521339306,46.25249247770534,46.76097282217387,47.44832451475897,
2023-08-15,3430,20000,917100,45.75,46.6,45.45,45.9,0.7,19,45.8351670142262,46.18840293630437,46.686105620245705,47.402105872527365,
2023-08-16,3430,20000,920300,45.8,46.2,45.8,46.15,0.25,13,45.94011134281747,46.18142058424903,46.63948774022434,47.36472957782505,
2023-08-17,3430,41000,1893100,45.95,46.4,45.9,46.4,0.25,35,46.09340756187831,46.22116229620375,46.61866271933527,47.33593167997953,
2023-08-18,3430,17000,784150,46.4,46.4,46.0,46.0,-0.4,14,46.062271707918875,46.18095096962125,46.5648659611322,47.2960531223682,
2023-08-21,3430,36000,1665350,46.1,46.45,46.05,46.25,0.25,17,46.12484780527925,46.19350533878102,46.537486312338096,47.26482765602885,
2023-08-22,3430,43000,1994150,47.0,47.0,46.2,46.2,-0.05,25,46.14989853685284,46.19468618627538,46.50813967648261,47.23304175584888,
2023-08-23,3430,15000,693450,46.3,46.3,46.2,46.3,0.1,13,46.19993235790189,46.21383415240713,46.49004057417977,47.20518976313697,
2023-08-24,3430,51000,2363400,46.4,46.65,46.2,46.25,-0.05,37,46.216621571934596,46.22040976106038,46.46916748077284,47.176676635879154,
2023-08-25,3430,60000,2768950,46.05,46.3,46.0,46.1,-0.15,30,46.17774771462307,46.19851707723122,46.43706596070564,47.14453703480814,
2023-08-28,3430,20000,923150,46.15,46.3,46.1,46.1,0.0,18,46.151831809748714,46.180604881371,46.40775587716602,47.11335682481386,
2023-08-29,3430,28000,1292250,46.6,46.6,46.1,46.1,0.0,22,46.13455453983248,46.16594944839446,46.38099449654288,47.08310736735673,
2023-08-30,3430,45000,2089700,46.1,46.85,46.1,46.4,0.3,27,46.22303635988832,46.20850409414092,46.382647149017416,47.062716102659515,
2023-08-31,3430,20000,929050,46.4,46.6,46.3,46.6,0.2,14,46.34869090659221,46.27968516793348,46.40154739692895,47.04890368168461,
2023-09-01,3430,30000,1396150,46.6,46.65,46.45,46.5,-0.1,23,46.399127271061474,46.31974241012739,46.41010849284817,47.03251849715671,
2023-09-04,3430,82000,3851100,46.3,48.0,46.3,47.15,0.65,59,46.64941818070765,46.47069833555877,46.474446884774416,47.036025407689344,
2023-09-05,3430,18000,846500,47.0,47.1,47.0,47.1,-0.05,11,46.799612120471764,46.58511682000263,46.52884280783751,47.03793509701205,
2023-09-06,3430,97000,4586500,47.25,47.65,47.1,47.65,0.55,56,47.083074746981175,46.77873194363852,46.626334737590774,47.0562056911311,
2023-09-07,3430,26000,1234600,47.65,47.75,47.2,47.2,-0.45,25,47.12204983132079,46.855326135704246,46.676218673452446,47.06049805856002,
2023-09-08,3430,28000,1321200,47.2,47.55,47.1,47.15,-0.05,25,47.131366554213855,46.908903201939836,46.71741704967397,47.0631697583045,
2023-09-11,3430,20000,939850,47.15,47.15,46.9,46.9,-0.25,15,47.0542443694759,46.90728443795077,46.73329382796319,47.05829901925063,
2023-09-12,3430,150000,6785750,44.85,45.85,44.8,45.65,-1.25,101,46.58616291298394,46.67868726741427,46.63909436466204,47.016260242556584,
2023-09-13,3430,18000,822700,45.85,45.85,45.6,45.65,0.0,16,46.27410860865596,46.491653218793495,46.55308615903925,46.97547635471907,
2023-09-14,3430,46000,2098450,45.65,45.7,45.55,45.6,-0.05,38,46.049405739103975,46.32953445174013,46.47020910173149,46.934417359055814,
2023-09-15,3430,16000,730550,45.6,46.0,45.6,45.75,0.15,15,45.949603826069314,46.22416455142374,46.407582223320055,46.899061616994445,
2023-09-18,3430,46000,2098400,45.75,45.8,45.5,45.55,-0.2,32,45.81640255071287,46.10158917843761,46.33300985607483,46.85879112096476,
2023-09-19,3430,21000,956550,45.7,45.7,45.45,45.45,-0.1,19,45.694268367141916,45.98311841872168,46.256226390329196,46.81673765466731,
2023-09-20,3430,36000,1634450,45.45,45.55,45.25,45.25,-0.2,27,45.546178911427944,45.849824160772286,46.16872844334405,46.76996936646828,
2023-09-21,3430,66000,2965600,45.15,45.15,44.7,44.85,-0.4,41,45.3141192742853,45.66803794972278,46.0540564047924,46.712656848066246,
2023-09-22,3430,32000,1424050,44.85,44.85,44.4,44.6,-0.25,28,45.0760795161902,45.473849231591366,45.92761671741915,46.64959246454188,
2023-09-25,3430,21000,936950,44.55,44.85,44.4,44.8,0.2,20,44.98405301079347,45.351331189483844,45.82956308981748,46.59438074918242,
2023-09-26,3430,10000,445250,44.7,44.7,44.45,44.45,-0.35,10,44.80603534052898,45.18745279139587,45.70960108200727,46.53036938353518,
2023-09-27,3430,24000,1061450,44.45,44.45,44.0,44.05,-0.4,20,44.554023560352654,44.98064319296026,45.565287944441415,46.45632850641473,
2023-09-28,3430,30000,1323700,44.0,44.15,44.0,44.1,0.05,25,44.40268237356844,44.82052624878567,45.43787160144651,46.38599034204414,
2023-10-02,3430,34000,1504450,44.15,44.7,44.1,44.5,0.4,14,44.43512158237896,44.76224874900645,45.356317549146816,46.32969212287864,
2023-10-03,3430,13000,577250,44.5,44.55,44.25,44.25,-0.25,13,44.37341438825264,44.66911261282346,45.260116023134046,46.26761176100167,
2023-10-04,3430,28000,1229050,44.1,44.2,43.5,43.85,-0.4,16,44.19894292550176,44.52018304685556,45.137497238513696,46.195444245747886,
2023-10-05,3430,32000,1413300,43.85,45.0,43.85,44.75,0.9,19,44.382628617001174,44.56196794742728,45.103801826469024,46.15229665632258,
2023-10-06,3430,11000,487950,44.2,44.5,44.2,44.35,-0.4,9,44.371752411334114,44.523428320622315,45.03825384155867,46.09849675613384,
2023-10-11,3430,34000,1494400,44.35,44.35,43.7,43.9,-0.45,23,44.21450160755607,44.410077716872806,44.93927524664053,46.03286998729403,
2023-10-12,3430,89000,4028750,44.8,45.65,44.75,45.15,1.25,56,44.52633440503738,44.54460904107775,44.957599138237,46.0065156593151,
2023-10-13,3430,43000,1941000,45.55,45.55,44.95,45.25,0.1,24,44.76755627002492,44.672861942699974,44.983025300129434,45.98393310232062,48.04507575757576
2023-10-16,3430,34000,1533850,45.3,45.3,44.9,45.25,0.0,25,44.92837084668328,44.777796134936345,45.006240491422524,45.96202465150508,48.02398084619783
2023-10-17,3430,32000,1439850,45.25,45.25,44.8,44.9,-0.35,23,44.918913897788855,44.80001501949337,44.99700218782056,45.93032242310195,48.00040363226426
2023-10-18,3430,21000,944050,45.5,45.5,44.4,44.4,-0.5,16,44.7459425985259,44.72728501594912,44.94508895409704,45.8846411567407,47.97323077466226
2023-10-19,3430,21000,931350,44.4,44.4,44.3,44.3,-0.1,16,44.59729506568393,44.6495968312311,44.88899426243643,45.837338435643964,47.94550827824972
2023-10-20,3430,4000,177200,44.3,44.4,44.25,44.25,-0.05,4,44.481530043789284,44.57694286191636,44.833429543963696,45.78995519875907,47.91761764973462
2023-10-23,3430,14000,620550,44.25,44.45,44.25,44.45,0.2,7,44.47102002919286,44.55386234156793,44.800087844488594,45.74995653610954,47.89144695049134
2023-10-24,3430,39000,1715800,44.25,44.3,43.8,44.0,-0.45,29,44.314013352795236,44.45316009764649,44.73051498844611,45.69771902756896,47.86207753954424
2023-10-25,3430,28000,1245850,44.8,44.8,44.25,44.25,0.25,21,44.29267556853016,44.4162218980744,44.688731076407315,45.65450353420869,47.83481657698164
2023-10-26,3430,25000,1104750,44.25,44.3,44.1,44.1,-0.15,17,44.2284503790201,44.35872700751542,44.6375370697632,45.6081004436353,47.806629282061024
2023-10-27,3430,35000,1545250,44.45,44.45,44.0,44.15,0.05,25,44.20230025268007,44.32077664251261,44.5951425419577,45.564575057258125,47.779032079932264
2023-10-30,3430,22000,973200,44.5,44.5,44.1,44.2,0.05,17,44.20153350178671,44.29881725296487,44.5607823209179,45.52384147345938,47.75202051706485
2023-10-31,3430,54000,2377600,44.5,44.5,43.65,43.7,-0.5,37,44.03435566785781,44.189941388789435,44.48593168431635,45.46939844440089,47.7214392301436
2023-11-01,3430,36000,1589400,44.6,44.7,43.75,43.75,0.05,27,43.93957044523854,44.10995204537318,44.42193762481058,45.418073117702356,47.69146610387837
2023-11-02,3430,49000,2156900,44.0,44.2,43.9,44.2,0.45,29,44.02638029682569,44.12632440075987,44.40263870091401,45.38171272612915,47.66511541630193
2023-11-03,3430,37000,1631600,44.4,44.4,44.0,44.1,-0.1,30,44.0509201978838,44.121538146076254,44.37632229213888,45.34345264475216,47.638208884858145
2023-11-06,3430,22000,968850,43.8,44.3,43.8,44.3,0.2,13,44.1339467985892,44.15398575588057,44.36968557108332,45.31230480461031,47.61301485553846
2023-11-07,3430,23000,1015750,44.3,44.3,44.1,44.25,-0.05,14,44.17263119905947,44.17144289117501,44.359278130119556,45.28059421342791,47.587633611345716
2023-11-08,3430,34000,1506150,44.25,44.5,44.2,44.5,0.25,29,44.28175413270631,44.23118054732501,44.37151481445699,45.25729289362409,47.56433071616575
2023-11-09,3430,30000,1333200,44.5,44.7,44.2,44.5,0.0,19,44.35450275513754,44.280056811447736,44.38268743928681,45.23468713560546,47.5412036918928
2023-11-10,3430,25000,1110400,44.5,44.65,44.1,44.5,0.0,20,44.40300183675836,44.3200464820936,44.39288853152274,45.212756176333656,47.518251211199264
2023-11-13,3430,86000,3810200,44.5,44.5,44.05,44.2,-0.3,55,44.335334557838905,44.298219848985674,44.37611561573816,45.182524648681905,47.49320780583172
2023-11-14,3430,64000,2842800,44.4,44.65,44.25,44.65,0.45,36,44.44022303855927,44.36217987644282,44.39993164915223,45.166628390512294,47.471749633712236
2023-11-15,3430,40000,1786600,44.5,44.8,44.5,44.65,0.0,35,44.510148692372844,44.414510807998674,44.421676723138994,45.15120664751193,47.45045341006158
2023-11-16,3430,58000,2572150,44.65,44.7,44.1,44.35,-0.3,41,44.45676579491523,44.402781570180736,44.41544396460517,45.127290031168286,47.42705376168375
2023-11-17,3430,41000,1826900,44.7,44.7,44.45,44.6,0.25,31,44.50451052994349,44.43863946651151,44.43149231550907,45.111550030237886,47.40571750687859
2023-11-20,3430,32000,1429450,44.6,44.85,44.6,44.8,0.2,24,44.60300701996233,44.50434138169123,44.46353646198654,45.10225002933526,47.38605171437384
2023-11-21,3430,181000,8335300,44.9,47.55,44.8,46.0,1.2,142,45.06867134664155,44.77627931229283,44.59714198703119,45.129048535922266,47.37559094671819
2023-11-22,3430,278000,13054250,46.45,47.85,45.75,47.0,1.0,168,45.7124475644277,45.180592164603226,44.806086162071956,45.184897833357425,47.37275629806371
2023-11-23,3430,117000,5475150,46.95,47.3,46.5,46.6,-0.4,83,46.00829837628513,45.438666316493546,44.962078669717876,45.2271396890781,47.36692417505946
2023-11-24,3430,66000,3073150,46.5,46.8,46.35,46.55,-0.05,44,46.18886558419009,45.64072698622199,45.100158785394584,45.26662805656831,47.360758709587316
2023-11-27,3430,88000,4098850,46.55,46.8,46.35,46.35,-0.2,52,46.24257705612673,45.76968571599981,45.20884063014288,45.29896751756627,47.35313034196779
2023-11-28,3430,63000,2929050,46.75,46.75,46.3,46.6,0.25,48,46.361718037417816,45.920651949454395,45.329811010130456,45.33780430808668,47.3474463393869
2023-11-29,3430,42000,1959350,46.6,46.9,46.3,46.5,-0.1,33,46.40781202494521,46.02598795864451,45.431566574466935,45.37249671680051,47.34105051795756
2023-11-30,3430,53000,2483000,46.75,47.15,46.75,47.05,0.55,45,46.6218746832968,46.21217196616369,45.57229991581764,45.42257144167214,47.338853910274864
2023-12-01,3430,411000,19804300,47.35,49.3,47.1,48.95,1.9,255,47.3979164555312,46.709958881406656,45.866012966616104,45.5278678165476,47.351013503404864
2023-12-04,3430,216000,10605600,49.25,50.4,48.65,48.95,0.0,155,47.9152776370208,47.117239084787265,46.13418575212775,45.63002101605364,47.363081326020676
2023-12-05,3430,93000,4535050,49.6,49.6,48.35,48.35,-0.6,79,48.0601850913472,47.341377433007764,46.32686525194273,45.7112144185595,47.37052976884316
2023-12-06,3430,79000,3814750,48.4,48.6,47.9,48.05,-0.3,63,48.05679006089813,47.470217899733626,46.47670305612162,45.78102891352788,47.37565784605944
2023-12-07,3430,65000,3139300,48.1,48.8,48.05,48.1,0.05,48,48.07119337393209,47.5847237361457,46.617859312111044,45.85025193103451,47.381124579296724
2023-12-08,3430,43000,2075300,48.25,48.65,48.05,48.05,-0.05,39,48.064128915954726,47.66931942048284,46.74239328497095,45.915916052496165,47.38617269567939
2023-12-11,3430,110000,5290600,48.1,48.9,47.5,48.0,-0.05,68,48.042752610636484,47.72944316221324,46.851750390625654,45.97812751361568,47.390805354579925
2023-12-12,3430,70000,3372250,48.65,48.65,47.85,47.85,-0.15,56,47.97850174042432,47.751362587265376,46.93855470448429,46.03400430425402,47.39427097454536
2023-12-13,3430,71000,3385800,47.85,47.85,47.6,47.65,-0.2,51,47.86900116028288,47.7329330259444,47.00041951279,46.08224298173897,47.39620100492615
2023-12-14,3430,79000,3789150,48.4,48.75,47.65,47.75,0.1,51,47.82933410685525,47.736036112136325,47.06560042472131,46.13202677332885,47.39887118602105
2023-12-15,3430,271000,13236250,47.75,49.25,47.75,48.85,1.1,164,48.16955607123683,47.93857500083881,47.220765605180326,46.21316030248322,47.40982310159825
2023-12-18,3430,62000,3031100,48.9,49.3,48.75,48.95,0.1,44,48.42970404749122,48.122470455231756,47.371133813425516,46.29485700987178,47.42144707818996
2023-12-19,3430,82000,3949500,49.05,49.05,47.7,47.95,-1.0,61,48.26980269832748,48.09111219064417,47.421470003562426,46.34426426330844,47.42543615684513
2023-12-20,3430,43000,2061350,48.0,48.15,47.8,48.0,0.05,37,48.17986846555166,48.074546337799774,47.47177695977439,46.39368921067236,47.42977248773686
2023-12-21,3430,26000,1237550,47.55,47.7,47.5,47.6,-0.4,23,47.98657897703444,47.98826518547254,47.482926789359226,46.42969848796572,47.43105722367847
2023-12-22,3430,26000,1244300,47.6,48.0,47.6,47.9,0.3,24,47.95771931802296,47.97221696993208,47.51919402506712,46.473588085339884,47.43459641444316
2023-12-25,3430,76000,3608650,47.7,47.7,47.3,47.55,-0.35,56,47.821812878681975,47.895450248126245,47.521872805496066,46.50571978428496,47.43546738490019
2023-12-26,3430,8000,382650,47.95,47.95,47.7,47.7,0.15,8,47.78120858578799,47.85991383937602,47.53736212675728,46.54136993997795,47.43746385746698
2023-12-27,3430,22000,1052850,47.95,48.0,47.8,47.85,0.15,20,47.80413905719199,47.85811132312583,47.56454802877839,46.580433523859206,47.440577337787985
2023-12-28,3430,88000,4186800,47.6,47.85,47.5,47.85,0.0,51,47.81942603812799,47.85663653710296,47.5893699393194,46.618331030609674,47.4436673201443
2023-12-29,3430,43000,2043100,47.7,47.7,47.45,47.7,-0.15,26,47.779617358752,47.8281571667206,47.59898994459597,46.650619656561624,47.44560190640736
2024-01-02,3430,12000,573300,47.7,47.95,47.7,47.8,0.1,10,47.78641157250133,47.82303768186231,47.61646907984849,46.68492951755979,47.448276609000516
2024-01-03,3430,19000,905900,47.5,47.75,47.5,47.7,-0.1,15,47.75760771500089,47.800667194250984,47.62373263812254,46.71523012897591,47.45017640817787
2024-01-04,3430,59000,2835800,47.7,48.3,47.7,48.25,0.55,35,47.92173847666726,47.882364068023534,47.678190669590144,46.76104415497663,47.45621281264445
2024-01-05,3430,496000,24456550,48.2,50.1,48.15,50.0,1.75,256,48.61449231777817,48.26738878292834,47.88008713310404,46.85772940408181,47.47541120651129
